Time (sec);Temperature 1 (C);Temperature 2 (C);Set point (C);Relay 1;Relay 2
0;246.5;124.9;250;0;0
1;246.4;124.9;250;0;0
2;246.3;124.9;250;0;0
3;246.3;124.9;250;0;0
4;246.4;124.9;250;0;0
5;246.3;124.9;250;0;0
6;246.3;124.9;250;0;0
7;246.4;124.9;250;0;0
8;246.4;124.9;250;0;0
9;246.3;124.9;250;0;0
10;246.3;124.9;250;1;0
11;246.2;124.9;250;0;0
12;246.1;124.9;250;0;1
13;246.1;124.9;250;0;0
14;246.1;124.9;250;0;0
15;246.1;124.9;250;0;0
16;246;124.9;250;0;0
17;246;124.9;250;0;0
18;246;124.9;250;1;0
19;245.9;124.9;250;0;0
20;246;124.9;250;0;1
21;245.9;124.9;250;0;0
22;246;124.9;250;0;0
23;245.9;124.9;250;0;0
24;245.9;124.9;250;0;0
25;245.9;124.9;250;0;0
26;245.9;124.9;250;1;0
27;245.8;124.9;250;0;0
28;245.9;124.9;250;0;1
29;245.9;124.9;250;0;0
30;245.9;124.9;250;0;0
31;245.9;124.9;250;0;0
32;245.9;124.9;250;0;0
33;245.9;124.9;250;0;0
34;246;124.9;250;1;0
35;246;124.9;250;0;1
36;245.9;124.9;250;0;1
37;245.9;124.9;250;0;0
38;246;124.9;250;0;0
39;245.9;124.9;250;0;0
40;246;124.9;250;0;0
41;246;124.9;250;0;0
42;245.9;124.9;250;1;0
43;245.9;124.9;250;0;1
44;245.9;124.9;250;0;0
45;245.9;124.9;250;0;0
46;245.9;124.9;250;0;0
47;246;124.9;250;0;0
48;246;124.9;250;0;0
49;246;124.9;250;0;0
50;246;124.9;250;1;0
51;246;124.9;250;0;1
52;246;124.9;250;0;0
53;246;124.9;250;0;0
54;246;124.9;250;0;0
55;246;124.9;250;0;0
56;246;124.9;250;0;0
57;246;124.9;250;0;0
58;246;124.9;250;0;0
59;246;124.9;250;1;0
60;246.1;124.9;250;0;1
61;246.2;124.9;250;0;0
62;246.1;124.9;250;0;0
63;246.2;124.9;250;0;0
64;246;124.9;250;0;0
65;246.1;124.9;250;0;0
66;246.1;124.9;250;0;0
67;246.2;124.9;250;0;0
68;246.2;124.9;250;1;0
69;246.2;124.9;250;0;1
70;246.2;124.9;250;0;0
71;246.1;124.9;250;0;0
72;246;124.9;250;0;0
73;246.1;124.9;250;0;0
74;246;124.9;250;0;0
75;246.2;124.9;250;0;0
76;246.2;124.9;250;1;0
77;246.2;124.9;250;0;1
78;246.2;124.9;250;0;0
79;246.2;124.9;250;0;0
80;246.3;124.9;250;0;0
81;246.2;124.9;250;0;0
82;246.3;124.9;250;0;0
83;246.3;124.9;250;0;0
84;246.3;124.9;250;0;0
85;246.3;124.9;250;1;0
86;246.3;124.9;250;0;1
87;246.4;124.9;250;0;0
88;246.4;124.9;250;0;0
89;246.3;124.9;250;0;0
90;246.3;124.9;250;0;0
91;246.3;124.9;250;0;0
92;246.3;124.9;250;0;0
93;246.3;124.9;250;1;0
94;246.3;124.9;250;0;1
95;246.3;124.9;250;0;0
96;246.3;124.9;250;0;0
97;246.3;124.9;250;0;0
98;246.3;124.9;250;0;0
99;246.3;124.9;250;0;0
100;246.3;124.9;250;0;0
101;246.4;124.9;250;0;0
102;246.4;124.9;250;1;0
103;246.5;124.9;250;0;1
104;246.5;124.9;250;0;0
105;246.6;124.9;250;0;0
106;246.5;124.9;250;0;0
107;246.5;124.9;250;0;0
108;246.6;124.9;250;0;0
109;246.6;124.9;250;0;0
110;246.5;124.9;250;1;0
111;246.5;124.9;250;0;1
112;246.5;124.9;250;0;0
113;246.5;124.9;250;0;0
114;246.5;124.9;250;0;0
115;246.6;124.9;250;0;0
116;246.6;124.9;250;0;0
117;246.6;124.9;250;0;0
118;246.6;124.9;250;0;0
119;246.5;124.9;250;1;0
120;246.5;124.9;250;0;1
121;246.6;124.9;250;0;0
122;246.6;124.9;250;0;0
123;246.6;124.9;250;0;0
124;246.7;124.9;250;0;0
125;246.7;124.9;250;0;0
126;246.8;124.9;250;0;0
127;246.7;124.9;250;1;0
128;246.7;124.9;250;0;1
129;246.6;124.9;250;0;0
130;246.7;124.9;250;0;0
131;246.7;124.9;250;0;0
132;246.7;124.9;250;0;0
133;246.8;124.9;250;0;0
134;246.9;124.9;250;0;0
135;247;124.9;250;0;0
136;246.9;124.9;250;0;0
137;246.9;124.9;250;0;0
138;246.9;124.9;250;0;0
139;247;124.9;250;0;0
140;246.9;124.9;250;0;0
141;246.9;124.9;250;0;0
142;247;124.9;250;0;0
143;247;124.9;250;0;0
144;247;124.9;250;1;0
145;247;124.9;250;0;1
146;247;124.9;250;0;0
147;247;124.9;250;0;0
148;247;124.9;250;0;0
149;247;124.9;250;0;0
150;246.9;124.9;250;0;0
151;246.9;124.9;250;0;0
152;247;124.9;250;0;0
153;247;124.9;250;1;0
154;247;124.9;250;0;1
155;247.1;124.9;250;0;0
156;247.1;124.9;250;0;0
157;247.1;124.9;250;0;0
158;247.2;124.9;250;0;0
159;247.2;124.9;250;0;0
160;247.2;124.9;250;0;0
161;247.1;124.9;250;1;0
162;247.1;124.9;250;0;1
163;247.1;124.9;250;0;0
164;247.1;124.9;250;0;0
165;247.2;124.9;250;0;0
166;247.2;124.9;250;0;0
167;247.3;124.9;250;0;0
168;247.3;124.9;250;0;0
169;247.3;124.9;250;0;0
170;247.4;124.9;250;1;0
171;247.3;124.9;250;0;1
172;247.4;124.9;250;0;0
173;247.4;124.9;250;0;0
174;247.5;124.9;250;0;0
175;247.4;124.9;250;0;0
176;247.4;124.9;250;0;0
177;247.5;124.9;250;0;0
178;247.5;124.9;250;1;0
179;247.5;124.9;250;0;1
180;247.5;124.9;250;0;0
181;247.5;124.9;250;0;0
182;247.5;124.9;250;0;0
183;247.5;124.9;250;0;0
184;247.6;124.9;250;0;0
185;247.6;124.9;250;0;0
186;247.5;124.9;250;0;0
187;247.5;124.9;250;1;0
188;247.7;124.9;250;0;1
189;247.7;124.9;250;0;0
190;247.7;124.9;250;0;0
191;247.7;124.9;250;0;0
192;247.7;124.9;250;0;0
193;247.7;124.9;250;0;0
194;247.7;124.9;250;0;0
195;247.7;124.9;250;1;0
196;247.7;124.9;250;0;1
197;247.8;124.9;250;0;0
198;247.7;124.9;250;0;0
199;247.8;124.9;250;0;0
200;247.8;124.9;250;0;0
201;247.8;124.9;250;0;0
202;247.8;124.9;250;0;0
203;247.8;124.9;250;0;0
204;247.8;124.9;250;1;0
205;247.9;124.9;250;0;1
206;247.8;124.9;250;0;0
207;248;124.9;250;0;0
208;248;124.9;250;0;0
209;248;124.9;250;0;0
210;248.1;124.9;250;0;0
211;248.1;124.9;250;0;0
212;248.1;124.9;250;1;0
213;248;124.9;250;0;1
214;248.1;124.9;250;0;0
215;248.1;124.9;250;0;0
216;248.1;124.9;250;0;0
217;248.1;124.9;250;0;0
218;248.1;124.9;250;0;0
219;248.2;124.9;250;0;0
220;248.2;124.9;250;0;0
221;248.2;124.9;250;1;0
222;248.3;124.9;250;0;1
223;248.2;124.9;250;0;0
224;248.1;124.9;250;0;0
225;248.1;124.9;250;0;0
226;248.1;124.9;250;0;0
227;248.2;124.9;250;0;0
228;248.2;124.9;250;0;0
229;248.2;124.9;250;0;0
230;248.2;124.9;250;1;0
231;248.2;124.9;250;0;1
232;248.5;124.9;250;0;0
233;248.6;124.9;250;0;0
234;248.6;124.9;250;0;0
235;248.6;124.9;250;0;0
236;248.6;124.9;250;0;0
237;248.7;124.9;250;0;0
238;248.7;124.9;250;0;0
239;248.7;124.9;250;1;0
240;248.7;124.9;250;0;1
241;248.6;124.9;250;0;0
242;248.7;124.9;250;0;0
243;248.7;124.9;250;0;0
244;248.6;124.9;250;0;0
245;248.6;124.9;250;0;0
246;248.7;124.9;250;0;0
247;248.8;124.9;250;1;0
248;248.8;124.9;250;0;1
249;248.8;124.9;250;0;0
250;248.9;124.9;250;0;0
251;248.9;124.9;250;0;0
252;248.9;124.9;250;0;0
253;248.9;124.9;250;0;0
254;249;124.9;250;0;0
255;248.9;124.9;250;0;0
256;249;124.9;250;1;0
257;248.9;124.9;250;0;1
258;249;124.9;250;0;0
259;249.1;124.9;250;0;0
260;249.1;124.9;250;0;0
261;249.1;124.9;250;0;0
262;249.1;124.9;250;0;0
263;249.2;124.9;250;0;0
264;249.2;124.9;250;0;0
265;249.2;124.9;250;0;0
266;249.3;124.9;250;0;0
267;249.4;124.9;250;0;0
268;249.4;124.9;250;0;0
269;249.4;124.9;250;0;0
270;249.4;124.9;250;0;0
271;249.4;124.9;250;0;0
272;249.4;124.9;250;0;0
273;249.4;124.9;250;1;0
274;249.5;124.9;250;0;1
275;249.5;124.9;250;0;0
276;249.5;124.9;250;0;0
277;249.4;124.9;250;0;0
278;249.5;124.9;250;0;0
279;249.5;124.9;250;0;0
280;249.5;124.9;250;0;0
281;249.6;124.9;250;0;0
282;249.7;124.9;250;1;0
283;249.7;124.9;250;0;1
284;249.5;124.9;250;0;0
285;249.6;124.9;250;0;0
286;249.7;124.9;250;0;0
287;249.7;124.9;250;0;0
288;249.7;124.9;250;0;0
289;249.6;124.9;250;0;0
290;249.6;124.9;250;0;0
291;249.7;124.9;250;1;0
292;249.6;124.9;250;0;1
293;249.6;124.9;250;0;0
294;249.6;124.9;250;0;0
295;249.7;124.9;250;0;0
296;249.7;124.9;250;0;0
297;249.8;124.9;250;0;0
298;249.9;124.9;250;0;0
299;249.9;124.9;250;0;0
300;249.9;124.9;250;1;0
301;250;124.9;250;0;1
302;249.9;124.9;250;0;0
303;250;124.9;250;0;0
304;249.9;124.9;250;0;0
305;250;124.9;250;0;0
306;250;124.9;250;0;0
307;250.1;124.9;250;0;0
308;250.1;124.9;250;0;0
309;250.1;124.9;250;1;0
310;250.2;124.9;250;0;1
311;250.2;124.9;250;0;0
312;250.2;124.9;250;0;0
313;250.1;124.9;250;0;0
314;250.1;124.9;250;0;0
315;250.2;124.9;250;0;0
316;250.2;124.9;250;0;0
317;250.2;124.9;250;0;0
318;250.2;124.9;250;1;0
319;250.2;124.9;250;0;1
320;250.3;124.9;250;0;0
321;250.3;124.9;250;0;0
322;250.4;124.9;250;0;0
323;250.4;124.9;250;0;0
324;250.5;124.9;250;0;0
325;250.5;124.9;250;0;0
326;250.5;124.9;250;1;0
327;250.5;124.9;250;0;1
328;250.5;124.9;250;0;0
329;250.6;124.9;250;0;0
330;250.5;124.9;250;0;0
331;250.5;124.9;250;0;0
332;250.6;124.9;250;0;0
333;250.6;124.9;250;0;0
334;250.7;124.9;250;0;0
335;250.8;124.9;250;1;0
336;250.8;124.9;250;0;1
337;250.8;124.9;250;0;0
338;250.9;124.9;250;0;0
339;250.9;124.9;250;0;0
340;250.9;124.9;250;0;0
341;250.9;124.9;250;0;0
342;250.9;124.9;250;0;0
343;250.9;124.9;250;1;0
344;251;124.9;250;0;1
345;251.1;124.9;250;0;0
346;251.1;124.9;250;0;0
347;251.1;124.9;250;0;0
348;251.1;124.9;250;0;0
349;251.2;124.9;250;0;0
350;251.1;124.9;250;0;0
351;251.3;124.9;250;0;0
352;251.2;124.9;250;1;0
353;251.2;124.9;250;0;1
354;251.2;124.9;250;0;0
355;251.3;124.9;250;0;0
356;251.3;124.9;250;0;0
357;251.4;124.9;250;0;0
358;251.3;124.9;250;0;0
359;251.4;124.9;250;0;0
360;251.4;124.9;250;0;0
361;251.5;124.9;250;1;0
362;251.4;124.9;250;0;1
363;251.5;124.9;250;0;0
364;251.5;124.9;250;0;0
365;251.6;124.9;250;0;0
366;251.7;124.9;250;0;0
367;251.8;124.9;250;0;0
368;251.8;124.9;250;0;0
369;251.8;124.9;250;0;0
370;251.8;124.9;250;0;0
371;251.8;124.9;250;0;0
372;251.8;124.9;250;0;0
373;252;124.9;250;0;0
374;251.9;124.9;250;0;0
375;251.9;124.9;250;0;0
376;251.9;124.9;250;0;0
377;251.8;124.9;250;0;0
378;252;124.9;250;1;0
379;252;124.9;250;0;1
380;252.1;124.9;250;0;0
381;252;124.9;250;0;0
382;252;124.9;250;0;0
383;252.1;124.9;250;0;0
384;252;124.9;250;0;0
385;252;124.9;250;0;0
386;252;124.9;250;0;0
387;252;124.9;250;1;0
388;252.1;124.9;250;0;1
389;252.2;124.9;250;0;0
390;252.1;124.9;250;0;0
391;252.2;124.9;250;0;0
392;252.2;124.9;250;0;0
393;252.2;124.9;250;0;0
394;252.1;124.9;250;0;0
395;252.3;124.9;250;0;0
396;252.2;124.9;250;1;0
397;252.2;124.9;250;0;1
398;252.3;124.9;250;0;0
399;252.3;124.9;250;0;0
400;252.3;124.9;250;0;0
401;252.3;124.9;250;0;0
402;252.3;124.9;250;0;0
403;252.3;124.9;250;0;0
404;252.3;124.9;250;0;0
405;252.3;124.9;250;1;0
406;252.4;124.9;250;0;1
407;252.4;124.9;250;0;0
408;252.6;124.9;250;0;0
409;252.5;124.9;250;0;0
410;252.6;124.9;250;0;0
411;252.6;124.9;250;0;0
412;252.6;124.9;250;0;0
413;252.6;124.9;250;0;0
414;252.7;124.9;250;1;0
415;252.7;124.9;250;0;1
416;252.8;124.9;250;0;0
417;252.8;124.9;250;0;0
418;252.8;124.9;250;0;0
419;252.9;124.9;250;0;0
420;252.9;124.9;250;0;0
421;253;124.9;250;0;0
422;253.1;124.9;250;1;0
423;253;124.9;250;0;1
424;253.1;124.9;250;0;0
425;253.1;124.9;250;0;0
426;253;124.9;250;0;0
427;253.1;124.9;250;0;0
428;253.2;124.9;250;0;0
429;253.2;124.9;250;0;0
430;253.2;124.9;250;0;0
431;253.3;124.9;250;1;0
432;253.2;124.9;250;0;1
433;253.3;124.9;250;0;0
434;253.3;124.9;250;0;0
435;253.3;124.9;250;0;0
436;253.3;124.9;250;0;0
437;253.3;124.9;250;0;0
438;253.4;124.9;250;0;0
439;253.4;124.9;250;0;0
440;253.4;124.9;250;1;0
441;253.6;124.9;250;0;1
442;253.6;124.9;250;0;0
443;253.6;124.9;250;0;0
444;253.6;124.9;250;0;0
445;253.7;124.9;250;0;0
446;253.7;124.9;250;0;0
447;253.7;124.9;250;0;0
448;253.8;124.9;250;1;0
449;253.7;124.9;250;0;1
450;253.7;124.9;250;0;0
451;253.8;124.9;250;0;0
452;253.9;124.9;250;0;0
453;254;124.9;250;0;0
454;254;124.9;250;0;0
455;254;124.9;250;0;0
456;254;124.9;250;0;0
457;254.1;124.9;250;1;0
458;254;124.9;250;0;1
459;254.1;124.9;250;0;0
460;254.1;124.9;250;0;0
461;254.2;124.9;250;0;0
462;254;124.9;250;0;0
463;254.1;124.9;250;0;0
464;254.2;124.9;250;0;0
465;254.2;124.9;250;0;0
466;254.3;124.9;250;1;0
467;254.3;124.9;250;0;1
468;254.3;124.9;250;0;0
469;254.4;124.9;250;0;0
470;254.5;124.9;250;0;0
471;254.5;124.9;250;0;0
472;254.5;124.9;250;0;0
473;254.6;124.9;250;0;0
474;254.5;124.9;250;0;0
475;254.5;124.9;250;1;0
476;254.6;124.9;250;0;1
477;254.7;124.9;250;0;0
478;254.7;124.9;250;0;0
479;254.7;124.9;250;0;0
480;254.7;124.9;250;0;0
481;254.7;124.9;250;0;0
482;254.8;124.9;250;0;0
483;254.9;124.9;250;1;0
484;254.9;124.9;250;1;1
485;255;124.9;250;0;1
486;255;124.9;250;0;0
487;255;124.9;250;0;0
488;255.1;124.9;250;0;0
489;255.1;124.9;250;0;0
490;255.2;124.9;250;0;0
491;255.2;124.9;250;0;0
492;255.2;124.9;250;1;0
493;255.3;124.9;250;1;1
494;255.4;124.9;250;0;1
495;255.3;124.9;250;0;0
496;255.5;124.9;250;0;0
497;255.4;124.9;250;0;0
498;255.5;124.9;250;0;0
499;255.6;124.9;250;0;0
500;255.7;124.9;250;0;0
501;255.7;124.9;250;1;0
502;255.7;124.9;250;1;1
503;255.8;124.9;250;0;1
504;255.9;124.9;250;0;0
505;255.9;124.9;250;0;0
506;256;124.9;250;0;0
507;256;124.9;250;0;0
508;256.1;124.9;250;0;0
509;256.1;124.9;250;0;0
510;256.1;124.9;250;1;0
511;256.3;124.9;250;0;1
512;256.3;124.9;250;0;0
513;256.4;124.9;250;0;0
514;256.4;124.9;250;0;0
515;256.5;124.9;250;0;0
516;256.5;124.9;250;0;0
517;256.5;124.9;250;0;0
518;256.5;124.9;250;1;0
519;256.6;124.9;250;1;1
520;256.6;124.9;250;0;1
521;256.7;124.9;250;0;0
522;256.7;124.9;250;0;0
523;256.7;124.9;250;0;0
524;256.8;124.9;250;0;0
525;256.8;124.9;250;0;0
526;257;124.9;250;0;0
527;257;124.9;250;1;0
528;257.1;124.9;250;1;1
529;257.3;124.9;250;0;1
530;257.3;124.9;250;0;0
531;257.4;124.9;250;0;0
532;257.4;124.9;250;0;0
533;257.4;124.9;250;0;0
534;257.5;124.9;250;0;0
535;257.6;124.9;250;0;0
536;257.7;124.9;250;1;0
537;257.7;124.9;250;1;1
538;257.8;124.9;250;0;1
539;257.8;124.9;250;0;0
540;257.9;124.9;250;0;0
541;258;124.9;250;0;0
542;258.1;124.9;250;0;0
543;258.1;124.9;250;0;0
544;258.2;124.9;250;0;0
545;258.3;124.9;250;1;0
546;258.2;124.9;250;1;1
547;258.4;124.9;250;0;1
548;258.5;124.9;250;0;1
549;258.5;124.9;250;0;0
550;258.7;124.9;250;0;0
551;258.8;124.9;250;0;0
552;258.8;124.9;250;0;0
553;258.8;124.9;250;0;0
554;258.9;124.9;250;1;0
555;258.9;124.9;250;0;0
556;259;124.9;250;0;1
557;259.1;124.9;250;0;0
558;259.2;124.9;250;0;0
559;259.2;124.9;250;0;0
560;259.2;124.9;250;0;0
561;259.4;124.9;250;0;0
562;259.4;124.9;250;0;0
563;259.4;124.9;250;1;0
564;259.5;124.9;250;0;0
565;259.5;124.9;250;0;1
566;259.6;124.9;250;0;0
567;259.7;124.9;250;0;0
568;259.7;124.9;250;0;0
569;259.8;124.9;250;0;0
570;259.9;124.9;250;0;0
571;260;124.9;250;1;0
572;260;124.9;250;1;0
573;260;124.9;250;0;1
574;260.1;124.9;250;0;1
575;260.1;124.9;250;0;0
576;260.2;124.9;250;0;0
577;260.2;124.9;250;0;0
578;260.3;124.9;250;0;0
579;260.3;124.9;250;0;0
580;260.4;124.9;250;1;0
581;260.4;124.9;250;1;0
582;260.5;124.9;250;0;1
583;260.5;124.9;250;0;1
584;260.6;124.9;250;0;0
585;260.6;124.9;250;0;0
586;260.8;124.9;250;0;0
587;260.8;124.9;250;0;0
588;260.8;124.9;250;0;0
589;261;124.9;250;1;0
590;261;124.9;250;1;0
591;261.2;124.9;250;0;1
592;261.2;124.9;250;0;1
593;261.4;124.9;250;0;0
594;261.4;124.9;250;0;0
595;261.4;124.9;250;0;0
596;261.4;124.9;250;0;0
597;261.4;124.9;250;0;0
598;261.6;124.9;250;1;0
599;261.6;124.9;250;1;0
600;261.7;124.9;250;0;1
601;261.9;124.9;250;0;0
602;262;124.9;250;0;0
603;262.1;124.9;250;0;0
604;262.2;124.9;250;0;0
605;262.4;124.9;250;0;0
606;262.4;124.9;250;0;0
607;262.4;124.9;250;1;0
608;262.5;124.9;250;1;1
609;262.6;124.9;250;0;1
610;262.7;124.9;250;0;0
611;262.6;124.9;250;0;0
612;262.7;124.9;250;0;0
613;262.7;124.9;250;0;0
614;262.8;124.9;250;0;0
615;263;124.9;250;0;0
616;263;124.9;250;1;0
617;263.1;124.9;250;1;1
618;263.2;124.9;250;0;1
619;263.2;124.9;250;0;0
620;263.3;124.9;250;0;0
621;263.4;124.9;250;0;0
622;263.5;124.9;250;0;0
623;263.6;124.9;250;0;0
624;263.7;124.9;250;0;0
625;263.7;124.9;250;1;0
626;263.8;124.9;250;1;1
627;263.8;124.9;250;0;1
628;263.9;124.9;250;0;0
629;264.1;124.9;250;0;0
630;264.1;124.9;250;0;0
631;264.1;124.9;250;0;0
632;264.3;124.9;250;0;0
633;264.4;124.9;250;0;0
634;264.4;124.9;250;1;0
635;264.5;124.9;250;1;1
636;264.6;124.9;250;0;1
637;264.7;124.9;250;0;0
638;264.9;124.9;250;0;0
639;264.8;124.9;250;0;0
640;265;124.9;250;0;0
641;265;124.9;250;0;0
642;265.1;124.9;250;0;0
643;265.3;124.9;250;1;0
644;265.4;124.9;250;1;1
645;265.4;124.9;250;0;1
646;265.4;124.9;250;0;0
647;265.5;124.9;250;0;0
648;265.6;124.9;250;0;0
649;265.7;124.9;250;0;0
650;265.7;124.9;250;0;0
651;265.8;124.9;250;0;0
652;265.8;124.9;250;1;0
653;265.9;124.9;250;1;1
654;266;124.9;250;0;1
655;266.1;124.9;250;0;0
656;266.1;124.9;250;0;0
657;266.2;124.9;250;0;0
658;266.4;124.9;250;0;0
659;266.4;124.9;250;0;0
660;266.5;124.9;250;0;0
661;266.5;124.9;250;1;0
662;266.6;124.9;250;1;1
663;266.7;124.9;250;0;1
664;266.7;124.9;250;0;0
665;266.8;124.9;250;0;0
666;266.9;124.9;250;0;0
667;267;124.9;250;0;0
668;267.1;124.9;250;0;0
669;267.1;124.9;250;0;0
670;267.2;124.9;250;1;0
671;267.3;124.9;250;1;1
672;267.3;124.9;250;0;1
673;267.5;124.9;250;0;0
674;267.7;124.9;250;0;0
675;267.8;124.9;250;0;0
676;267.8;124.9;250;0;0
677;267.9;124.9;250;0;0
678;268;124.9;250;0;0
679;268.2;124.9;250;1;0
680;268.2;124.9;250;1;1
681;268.2;124.9;250;0;1
682;268.4;124.9;250;0;0
683;268.5;124.9;250;0;0
684;268.6;124.9;250;0;0
685;268.6;124.9;250;0;0
686;268.7;124.9;250;0;0
687;268.7;124.9;250;0;0
688;268.9;124.9;250;1;0
689;269;124.9;250;0;1
690;269.1;124.9;250;0;0
691;269.1;124.9;250;0;0
692;269.2;124.9;250;0;0
693;269.3;124.9;250;0;0
694;269.4;124.9;250;0;0
695;269.5;124.9;250;0;0
696;269.5;124.9;250;1;0
697;269.6;124.9;250;1;1
698;269.6;124.9;250;0;1
699;269.5;124.9;250;0;0
700;269.6;124.9;250;0;0
701;269.8;124.9;250;0;0
702;269.9;124.9;250;0;0
703;270;124.9;250;0;0
704;270.1;124.9;250;0;0
705;270.2;124.9;250;1;0
706;270.2;124.9;250;1;1
707;270.2;124.9;250;0;1
708;270.4;124.9;250;0;0
709;270.4;124.9;250;0;0
710;270.5;124.9;250;0;0
711;270.7;124.9;250;0;0
712;270.7;124.9;250;0;0
713;270.8;124.9;250;0;0
714;270.9;124.9;250;1;0
715;270.9;124.9;250;1;1
716;271;124.9;250;0;1
717;271.1;124.9;250;0;0
718;271.3;124.9;250;0;0
719;271.4;124.9;250;0;0
720;271.4;124.9;250;0;0
721;271.5;124.9;250;0;0
722;271.6;124.9;250;0;0
723;271.7;124.9;250;1;0
724;271.7;124.9;250;1;1
725;271.9;124.9;250;0;1
726;271.9;124.9;250;0;0
727;272;124.9;250;0;0
728;272.1;124.9;250;0;0
729;272.2;124.9;250;0;0
730;272.3;124.9;250;0;0
731;272.4;124.9;250;0;0
732;272.5;124.9;250;1;0
733;272.7;124.9;250;1;1
734;272.6;124.9;250;0;1
735;272.8;124.9;250;0;0
736;272.8;124.9;250;0;0
737;272.9;124.9;250;0;0
738;273;124.9;250;0;0
739;273;124.9;250;0;0
740;273.1;124.9;250;0;0
741;273.2;124.9;250;1;0
742;273.2;124.9;250;1;1
743;273.3;124.9;250;0;1
744;273.5;124.9;250;0;0
745;273.5;124.9;250;0;0
746;273.6;124.9;250;0;0
747;273.7;124.9;250;0;0
748;273.9;124.9;250;0;0
749;273.9;124.9;250;0;0
750;274;124.9;250;1;0
751;274.1;124.9;250;1;1
752;274;124.9;250;0;1
753;274.2;124.9;250;0;0
754;274.2;124.9;250;0;0
755;274.3;124.9;250;0;0
756;274.4;124.9;250;0;0
757;274.5;124.9;250;0;0
758;274.6;124.9;250;1;0
759;274.8;124.9;250;1;1
760;274.8;124.9;250;1;1
761;274.8;124.9;250;0;1
762;274.9;124.9;250;0;0
763;275;124.9;250;0;0
764;275.1;124.9;250;0;0
765;275.2;124.9;250;0;0
766;275.3;124.9;250;0;0
767;275.5;124.9;250;0;0
768;275.6;124.9;250;1;0
769;275.7;124.9;250;1;1
770;275.9;124.9;250;0;1
771;276;124.9;250;0;0
772;276;124.9;250;0;0
773;276.1;124.9;250;0;0
774;276.2;124.9;250;0;0
775;276.4;124.9;250;0;0
776;276.4;124.9;250;1;0
777;276.6;124.9;250;1;1
778;276.6;124.9;250;1;1
779;276.8;124.9;250;0;1
780;276.8;124.9;250;0;0
781;276.9;124.9;250;0;0
782;277.1;124.9;250;0;0
783;277.1;124.9;250;0;0
784;277.3;124.9;250;0;0
785;277.4;124.9;250;1;0
786;277.5;124.9;250;1;1
787;277.6;124.9;250;1;1
788;277.7;124.9;250;0;1
789;277.9;124.9;250;0;0
790;277.9;124.9;250;0;0
791;278.1;124.9;250;0;0
792;278.1;124.9;250;0;0
793;278.3;124.9;250;0;0
794;278.4;124.9;250;0;0
795;278.5;124.9;250;1;0
796;278.5;124.9;250;1;1
797;278.6;124.9;250;0;1
798;278.8;124.9;250;0;0
799;279.1;124.9;250;0;0
800;279.1;124.9;250;0;0
801;279.4;124.9;250;0;0
802;279.4;124.9;250;0;0
803;279.4;124.9;250;0;0
804;279.5;124.9;250;1;0
805;279.6;124.9;250;1;1
806;279.9;124.9;250;0;1
807;279.9;124.9;250;0;0
808;280.1;124.9;250;0;0
809;280.1;124.9;250;0;0
810;280.3;124.9;250;0;0
811;280.4;124.9;250;0;0
812;280.5;124.9;250;0;0
813;280.5;124.9;250;1;0
814;280.7;124.9;250;1;1
815;280.8;124.9;250;0;1
816;280.8;124.9;250;0;0
817;280.9;124.9;250;0;0
818;281;124.9;250;0;0
819;281.1;124.9;250;0;0
820;281.1;124.9;250;0;0
821;281.2;124.9;250;0;0
822;281.4;124.9;250;1;0
823;281.6;124.9;250;1;1
824;281.6;124.9;250;0;1
825;281.7;124.9;250;0;0
826;281.8;124.9;250;0;0
827;281.9;124.9;250;0;0
828;282;124.9;250;0;0
829;282.1;124.9;250;0;0
830;282.2;124.9;250;0;0
831;282.3;124.9;250;1;0
832;282.4;124.9;250;1;1
833;282.5;124.9;250;0;1
834;282.7;124.9;250;0;0
835;282.8;124.9;250;0;0
836;282.9;124.9;250;0;0
837;283;124.9;250;0;0
838;283.1;124.9;250;0;0
839;283.1;124.9;250;1;0
840;283.2;124.9;250;1;1
841;283.2;124.9;250;1;1
842;283.3;124.9;250;0;1
843;283.5;124.9;250;0;0
844;283.5;124.9;250;0;0
845;283.6;124.9;250;0;0
846;283.7;124.9;250;0;0
847;283.9;124.9;250;0;0
848;283.9;124.9;250;1;0
849;284.1;124.9;250;1;1
850;284.2;124.9;250;0;1
851;284.3;124.9;250;0;0
852;284.3;124.9;250;0;0
853;284.6;124.9;250;0;0
854;284.7;124.9;250;0;0
855;284.9;124.9;250;0;0
856;284.9;124.9;250;0;0
857;285.1;124.9;250;1;0
858;285.2;124.9;250;1;1
859;285.2;124.9;250;0;1
860;285.3;124.9;250;0;0
861;285.3;124.9;250;0;0
862;285.4;124.9;250;0;0
863;285.5;124.9;250;0;0
864;285.6;124.9;250;0;0
865;285.7;124.9;250;1;0
866;285.8;124.9;250;1;1
867;285.9;124.9;250;0;1
868;286;124.9;250;0;0
869;286;124.9;250;0;0
870;286.2;124.9;250;0;0
871;286.3;124.9;250;0;0
872;286.4;124.9;250;0;0
873;286.5;124.9;250;0;0
874;286.7;124.9;250;1;0
875;286.8;124.9;250;1;1
876;286.9;124.9;250;1;1
877;287;124.9;250;0;1
878;287;124.9;250;0;0
879;287.1;124.9;250;0;0
880;287.2;124.9;250;0;0
881;287.2;124.9;250;0;0
882;287.4;124.9;250;0;0
883;287.5;124.9;250;1;0
884;287.7;124.9;250;1;1
885;287.8;124.9;250;1;1
886;287.9;124.9;250;0;1
887;288.1;124.9;250;0;0
888;288.3;124.9;250;0;0
889;288.4;124.9;250;0;0
890;288.6;124.9;250;0;0
891;288.7;124.9;250;0;0
892;288.8;124.9;250;0;0
893;288.9;124.9;250;1;0
894;289.1;124.9;250;1;1
895;289.1;124.9;250;0;1
896;289.2;124.9;250;0;0
897;289.3;124.9;250;0;0
898;289.5;124.9;250;0;0
899;289.7;124.9;250;0;0
900;289.9;124.9;250;0;0
901;290.1;124.9;250;0;0
902;290.2;124.9;250;1;0
903;290.2;124.9;250;1;1
904;290.3;124.9;250;0;1
905;290.4;124.9;250;0;0
906;290.4;124.9;250;0;0
907;290.5;124.9;250;0;0
908;290.6;124.9;250;0;0
909;290.8;124.9;250;0;0
910;290.9;124.9;250;0;0
911;291;124.9;250;1;0
912;291.1;124.9;250;1;1
913;291.3;124.9;250;0;1
914;291.3;124.9;250;0;0
915;291.5;124.9;250;0;0
916;291.5;124.9;250;0;0
917;291.7;124.9;250;0;0
918;291.7;124.9;250;0;0
919;291.8;124.9;250;0;0
920;292;124.9;250;0;0
921;292;124.9;250;1;0
922;292.1;124.9;250;0;1
923;292.1;124.9;250;0;0
924;292.3;124.9;250;0;0
925;292.3;124.9;250;0;0
926;292.4;124.9;250;0;0
927;292.5;124.9;250;0;0
928;292.7;124.9;250;0;0
929;292.8;124.9;250;0;0
930;292.8;124.9;250;1;0
931;292.9;124.9;250;1;1
932;293;124.9;250;0;1
933;293.1;124.9;250;0;0
934;293.1;124.9;250;0;0
935;293.3;124.9;250;0;0
936;293.4;124.9;250;0;0
937;293.4;124.9;250;0;0
938;293.5;124.9;250;0;0
939;293.7;124.9;250;1;0
940;293.8;124.9;250;1;1
941;293.7;124.9;250;0;1
942;293.9;124.9;250;0;0
943;293.9;124.9;250;0;0
944;294.2;124.9;250;0;0
945;294.3;124.9;250;0;0
946;294.4;124.9;250;0;0
947;294.3;124.9;250;0;0
948;294.3;124.9;250;1;0
949;294.5;124.9;250;1;1
950;294.4;124.9;250;0;1
951;294.6;124.9;250;0;0
952;294.8;124.9;250;0;0
953;294.8;124.9;250;0;0
954;294.9;124.9;250;0;0
955;295.1;124.9;250;0;0
956;295.1;124.9;250;0;0
957;295.3;124.9;250;1;0
958;295.3;124.9;250;1;1
959;295.4;124.9;250;0;1
960;295.5;124.9;250;0;0
961;295.6;124.9;250;0;0
962;295.7;124.9;250;0;0
963;295.8;124.9;250;0;0
964;295.9;124.9;250;0;0
965;296;124.9;250;0;0
966;296.1;124.9;250;1;0
967;296.1;124.9;250;1;1
968;296.3;124.9;250;0;1
969;296.4;124.9;250;0;0
970;296.5;124.9;250;0;0
971;296.6;124.9;250;0;0
972;296.8;124.9;250;0;0
973;296.9;124.9;250;0;0
974;296.9;124.9;250;0;0
975;296.9;124.9;250;1;0
976;296.9;124.9;250;1;1
977;296.9;124.9;250;0;1
978;297.1;124.9;250;0;0
979;297.2;124.9;250;0;0
980;297.5;124.9;250;0;0
981;297.5;124.9;250;0;0
982;297.7;124.9;250;0;0
983;297.8;124.9;250;0;0
984;297.9;124.9;250;1;0
985;298;124.9;250;1;1
986;298;124.9;250;0;1
987;298.2;124.9;250;0;0
988;298.3;124.9;250;0;0
989;298.4;124.9;250;0;0
990;298.5;124.9;250;0;0
991;298.4;124.9;250;0;0
992;298.5;124.9;250;0;0
993;298.7;124.9;250;1;0
994;298.7;124.9;250;1;1
995;298.9;124.9;250;0;1
996;299;124.9;250;0;0
997;299;124.9;250;0;0
998;299.1;124.9;250;0;0
999;299.3;124.9;250;0;0
1000;299.4;124.9;250;0;0
1001;299.5;124.9;250;0;0
1002;299.6;124.9;250;1;0
1003;299.7;124.9;250;1;1
1004;299.8;124.9;250;0;1
1005;300;124.9;250;0;0
1006;300;124.9;250;0;0
1007;300.2;124.9;250;0;0
1008;300.2;124.9;250;0;0
1009;300.1;124.9;250;0;0
1010;300.3;124.9;250;0;0
1011;300.4;124.9;250;0;0
1012;300.5;124.9;250;1;0
1013;300.7;124.9;250;1;1
1014;300.7;124.9;250;0;1
1015;300.7;124.9;250;0;0
1016;300.8;124.9;250;0;0
1017;300.9;124.9;250;0;0
1018;301;124.9;250;0;0
1019;301.2;124.9;250;0;0
1020;301.4;124.9;250;0;0
1021;301.4;124.9;250;1;0
1022;301.5;124.9;250;1;1
1023;301.5;124.9;250;0;1
1024;301.7;124.9;250;0;0
1025;301.6;124.9;250;0;0
1026;301.8;124.9;250;0;0
1027;301.8;124.9;250;0;0
1028;302;124.9;250;0;0
1029;302;124.9;250;0;0
1030;302.2;124.9;250;1;0
1031;302.2;124.9;250;1;1
1032;302.3;124.9;250;0;1
1033;302.4;124.9;250;0;0
1034;302.6;124.9;250;0;0
1035;302.7;124.9;250;0;0
1036;302.8;124.9;250;0;0
1037;302.9;124.9;250;0;0
1038;303;124.9;250;0;0
1039;303;124.9;250;1;0
1040;303.1;124.9;250;1;1
1041;303.1;124.9;250;0;1
1042;303.3;124.9;250;0;0
1043;303.3;124.9;250;0;0
1044;303.4;124.9;250;0;0
1045;303.6;124.9;250;0;0
1046;303.7;124.9;250;0;0
1047;303.8;124.9;250;0;0
1048;303.9;124.9;250;1;0
1049;304.1;124.9;250;1;1
1050;304.1;124.9;250;1;1
1051;304.2;124.9;250;0;1
1052;304.3;124.9;250;0;0
1053;304.4;124.9;250;0;0
1054;304.4;124.9;250;0;0
1055;304.6;124.9;250;0;0
1056;304.7;124.9;250;0;0
1057;304.8;124.9;250;0;0
1058;304.9;124.9;250;1;0
1059;305;124.9;250;1;1
1060;305.1;124.9;250;0;1
1061;305.2;124.9;250;0;0
1062;305.3;124.9;250;0;0
1063;305.4;124.9;250;0;0
1064;305.5;124.9;250;0;0
1065;305.5;124.9;250;0;0
1066;305.5;124.9;250;0;0
1067;305.6;124.9;250;1;0
1068;305.8;124.9;250;1;1
1069;306;124.9;250;1;1
1070;306.1;124.9;250;0;1
1071;306.2;124.9;250;0;0
1072;306.3;124.9;250;0;0
1073;306.4;124.9;250;0;0
1074;306.4;124.9;250;0;0
1075;306.5;124.9;250;0;0
1076;306.7;124.9;250;0;0
1077;306.8;124.9;250;1;0
1078;307;124.9;250;1;1
1079;307;124.9;250;0;1
1080;307.1;124.9;250;0;0
1081;307.2;124.9;250;0;0
1082;307.3;124.9;250;0;0
1083;307.3;124.9;250;0;0
1084;307.6;124.9;250;0;0
1085;307.6;124.9;250;0;0
1086;307.8;124.9;250;1;0
1087;307.9;124.9;250;1;1
1088;308;124.9;250;0;1
1089;308.1;124.9;250;0;0
1090;308.2;124.9;250;0;0
1091;308.3;124.9;250;0;0
1092;308.4;124.9;250;0;0
1093;308.5;124.9;250;0;0
1094;308.6;124.9;250;0;0
1095;308.7;124.9;250;1;0
1096;308.8;124.9;250;1;1
1097;309;124.9;250;1;1
1098;309;124.9;250;0;1
1099;309.2;124.9;250;0;0
1100;309.3;124.9;250;0;0
1101;309.4;124.9;250;0;0
1102;309.6;124.9;250;0;0
1103;309.7;124.9;250;0;0
1104;309.8;124.9;250;0;0
1105;309.9;124.9;250;1;0
1106;309.9;124.9;250;1;1
1107;309.9;124.9;250;0;1
1108;310.1;124.9;250;0;0
1109;310.2;124.9;250;0;0
1110;310.3;124.9;250;0;0
1111;310.4;124.9;250;0;0
1112;310.6;124.9;250;0;0
1113;310.7;124.9;250;0;0
1114;310.8;124.9;250;1;0
1115;310.9;124.9;250;1;1
1116;311;124.9;250;0;1
1117;311.2;124.9;250;0;0
1118;311.3;124.9;250;0;0
1119;311.3;124.9;250;0;0
1120;311.3;124.9;250;0;0
1121;311.5;124.9;250;0;0
1122;311.6;124.9;250;0;0
1123;311.7;124.9;250;1;0
1124;311.8;124.9;250;1;1
1125;311.9;124.9;250;0;1
1126;312.1;124.9;250;0;0
1127;312.1;124.9;250;0;0
1128;312.1;124.9;250;0;0
1129;312.2;124.9;250;0;0
1130;312.3;124.9;250;0;0
1131;312.4;124.9;250;0;0
1132;312.6;124.9;250;0;0
1133;312.7;124.9;250;1;0
1134;312.8;124.9;250;1;1
1135;312.8;124.9;250;0;1
1136;312.9;124.9;250;0;0
1137;313.1;124.9;250;0;0
1138;313.1;124.9;250;0;0
1139;313.2;124.9;250;0;0
1140;313.4;124.9;250;0;0
1141;313.5;124.9;250;0;0
1142;313.7;124.9;250;1;0
1143;313.6;124.9;250;1;1
1144;313.8;124.9;250;0;1
1145;313.9;124.9;250;0;0
1146;314.1;124.9;250;0;0
1147;314;124.9;250;0;0
1148;314.1;124.9;250;0;0
1149;314.2;124.9;250;0;0
1150;314.2;124.9;250;0;0
1151;314.5;124.9;250;0;0
1152;314.5;124.9;250;1;0
1153;314.6;124.9;250;1;1
1154;314.7;124.9;250;0;1
1155;314.9;124.9;250;0;0
1156;314.9;124.9;250;0;0
1157;315;124.9;250;0;0
1158;315.1;124.9;250;0;0
1159;315.2;124.9;250;0;0
1160;315.2;124.9;250;0;0
1161;315.4;124.9;250;1;0
1162;315.4;124.9;250;1;1
1163;315.5;124.9;250;1;1
1164;315.6;124.9;250;0;1
1165;315.6;124.9;250;0;0
1166;315.8;124.9;250;0;0
1167;315.9;124.9;250;0;0
1168;316;124.9;250;0;0
1169;316;124.9;250;0;0
1170;316.1;124.9;250;0;0
1171;316.3;124.9;250;1;0
1172;316.4;124.9;250;1;1
1173;316.5;124.9;250;0;1
1174;316.6;124.9;250;0;0
1175;316.7;124.9;250;0;0
1176;316.8;124.9;250;0;0
1177;317;124.9;250;0;0
1178;317.1;124.9;250;0;0
1179;317.1;124.9;250;0;0
1180;317.3;124.9;250;1;0
1181;317.3;124.9;250;1;1
1182;317.4;124.9;340;0;1
1183;317.5;124.9;340;0;0
1184;317.5;124.9;340;0;0
1185;317.7;124.9;340;0;0
1186;317.7;124.9;340;0;0
1187;317.9;124.9;340;0;0
1188;318;124.9;340;0;0
1189;318.1;124.9;340;1;0
1190;318.2;124.9;340;1;1
1191;318.3;124.9;340;0;1
1192;318.4;124.9;340;0;0
1193;318.5;124.9;340;0;0
1194;318.6;124.9;340;0;0
1195;318.6;124.9;340;0;0
1196;318.8;124.9;340;0;0
1197;318.9;124.9;340;0;0
1198;319.1;124.9;340;0;0
1199;319.3;124.9;340;1;0
1200;319.3;124.9;340;1;1
1201;319.3;124.9;340;0;1
1202;319.5;124.9;340;0;0
1203;319.4;124.9;340;0;0
1204;319.5;124.9;340;0;0
1205;319.8;124.9;340;0;0
1206;319.9;124.9;340;0;0
1207;320;124.9;340;0;0
1208;320.1;124.9;340;0;0
1209;320.2;124.9;340;1;0
1210;320.2;124.9;340;1;1
1211;320.4;124.9;340;0;1
1212;320.4;124.9;340;0;0
1213;320.4;124.9;340;0;0
1214;320.5;124.9;340;0;0
1215;320.7;124.9;340;0;0
1216;320.7;124.9;340;0;0
1217;320.7;124.9;340;0;0
1218;320.7;124.9;340;1;0
1219;320.9;124.9;340;1;0
1220;321;124.9;340;0;1
1221;321.1;124.9;340;0;0
1222;321.3;124.9;340;0;0
1223;321.3;124.9;340;0;0
1224;321.5;124.9;340;0;0
1225;321.6;124.9;340;0;0
1226;321.6;124.9;340;0;0
1227;321.6;124.9;340;1;0
1228;321.6;124.9;340;1;0
1229;321.7;124.9;340;0;1
1230;321.9;124.9;340;0;1
1231;322.1;124.9;340;0;0
1232;322.1;124.9;340;0;0
1233;322.2;124.9;340;0;0
1234;322.3;124.9;340;0;0
1235;322.4;124.9;340;0;0
1236;322.5;124.9;340;0;0
1237;322.6;124.9;340;1;0
1238;322.6;124.9;340;0;0
1239;322.8;124.9;340;0;1
1240;322.9;124.9;340;0;0
1241;322.9;124.9;340;0;0
1242;323.1;124.9;340;0;0
1243;323.1;124.9;340;0;0
1244;323.3;124.9;340;0;0
1245;323.4;124.9;340;0;0
1246;323.3;124.9;340;1;0
1247;323.5;124.9;340;1;0
1248;323.5;124.9;340;0;1
1249;323.7;124.9;340;0;1
1250;323.8;124.9;340;0;0
1251;323.8;124.9;340;0;0
1252;323.9;124.9;340;0;0
1253;323.9;124.9;340;0;0
1254;324;124.9;340;0;0
1255;324;124.9;340;0;0
1256;324.2;124.9;340;1;0
1257;324.2;124.9;340;0;0
1258;324.3;124.9;340;0;1
1259;324.4;124.9;340;0;0
1260;324.4;124.9;340;0;0
1261;324.5;124.9;340;0;0
1262;324.5;124.9;340;0;0
1263;324.6;124.9;340;0;0
1264;324.7;124.9;340;0;0
1265;324.7;124.9;340;1;0
1266;324.8;124.9;340;1;0
1267;324.8;124.9;340;0;1
1268;324.9;124.9;340;0;1
1269;325;124.9;340;0;0
1270;325.2;124.9;340;0;0
1271;325.3;124.9;340;0;0
1272;325.5;124.9;340;0;0
1273;325.5;124.9;340;0;0
1274;325.5;124.9;340;0;0
1275;325.6;124.9;340;1;0
1276;325.7;124.9;340;0;0
1277;325.6;124.9;340;0;1
1278;325.8;124.9;340;0;0
1279;325.9;124.9;340;0;0
1280;325.9;124.9;340;0;0
1281;325.9;124.9;340;0;0
1282;326;124.9;340;0;0
1283;326.1;124.9;340;0;0
1284;326.1;124.9;340;0;0
1285;326.2;124.9;340;0;0
1286;326.2;124.9;340;0;0
1287;326.3;124.9;340;0;0
1288;326.3;124.9;340;0;0
1289;326.5;124.9;340;0;0
1290;326.5;124.9;340;0;0
1291;326.6;124.9;340;0;0
1292;326.7;124.9;340;0;0
1293;326.7;124.9;340;1;0
1294;326.8;124.9;340;0;1
1295;326.7;124.9;340;0;0
1296;326.7;124.9;340;0;0
1297;326.9;124.9;340;0;0
1298;326.9;124.9;340;0;0
1299;326.9;124.9;340;0;0
1300;326.9;124.9;340;0;0
1301;327;124.9;340;0;0
1302;327.1;124.9;340;1;0
1303;327.2;124.9;340;0;1
1304;327.2;124.9;340;0;0
1305;327.2;124.9;340;0;0
1306;327.4;124.9;340;0;0
1307;327.4;124.9;340;0;0
1308;327.5;124.9;340;0;0
1309;327.6;124.9;340;0;0
1310;327.7;124.9;340;0;0
1311;327.7;124.9;340;1;0
1312;327.8;124.9;340;1;1
1313;327.8;124.9;340;0;1
1314;328;124.9;340;0;0
1315;327.9;124.9;340;0;0
1316;327.9;124.9;340;0;0
1317;328;124.9;340;0;0
1318;328.1;124.9;340;0;0
1319;328.1;124.9;340;0;0
1320;328.2;124.9;340;0;0
1321;328.4;124.9;340;1;0
1322;328.4;124.9;340;0;1
1323;328.4;124.9;340;0;0
1324;328.5;124.9;340;0;0
1325;328.5;124.9;340;0;0
1326;328.5;124.9;340;0;0
1327;328.6;124.9;340;0;0
1328;328.7;124.9;340;0;0
1329;328.9;124.9;340;0;0
1330;328.9;124.9;340;1;0
1331;328.8;124.9;340;0;1
1332;328.8;124.9;340;0;0
1333;329;124.9;340;0;0
1334;329;124.9;340;0;0
1335;329.2;124.9;340;0;0
1336;329.2;124.9;340;0;0
1337;329.3;124.9;340;0;0
1338;329.3;124.9;340;0;0
1339;329.4;124.9;340;1;0
1340;329.5;124.9;340;1;1
1341;329.4;124.9;340;0;1
1342;329.5;124.9;340;0;0
1343;329.6;124.9;340;0;0
1344;329.6;124.9;340;0;0
1345;329.6;124.9;340;0;0
1346;329.7;124.9;340;0;0
1347;329.8;124.9;340;0;0
1348;329.9;124.9;340;0;0
1349;330;124.9;340;1;0
1350;330;124.9;340;0;1
1351;330;124.9;340;0;0
1352;330.1;124.9;340;0;0
1353;330.1;124.9;340;0;0
1354;330.2;124.9;340;0;0
1355;330.3;124.9;340;0;0
1356;330.3;124.9;340;0;0
1357;330.4;124.9;340;0;0
1358;330.6;124.9;340;0;0
1359;330.6;124.9;340;1;0
1360;330.6;124.9;340;0;1
1361;330.7;124.9;340;0;0
1362;330.7;124.9;340;0;0
1363;330.8;124.9;340;0;0
1364;330.8;124.9;340;0;0
1365;330.9;124.9;340;0;0
1366;330.9;124.9;340;0;0
1367;331;124.9;340;0;0
1368;331.1;124.9;340;1;0
1369;331.1;124.9;340;0;1
1370;331.1;124.9;340;0;0
1371;331.2;124.9;340;0;0
1372;331.2;124.9;340;0;0
1373;331.3;124.9;340;0;0
1374;331.3;124.9;340;0;0
1375;331.4;124.9;340;0;0
1376;331.5;124.9;340;0;0
1377;331.5;124.9;340;0;0
1378;331.5;124.9;340;1;0
1379;331.5;124.9;340;0;1
1380;331.6;124.9;340;0;0
1381;331.6;124.9;340;0;0
1382;331.6;124.9;340;0;0
1383;331.7;124.9;340;0;0
1384;331.7;124.9;340;0;0
1385;331.8;124.9;340;0;0
1386;331.7;124.9;340;0;0
1387;331.8;124.9;340;1;0
1388;331.8;124.9;340;0;1
1389;331.7;124.9;340;0;0
1390;331.9;124.9;340;0;0
1391;331.9;124.9;340;0;0
1392;332;124.9;340;0;0
1393;332.1;124.9;340;0;0
1394;332.2;124.9;340;0;0
1395;332.2;124.9;340;0;0
1396;332.2;124.9;340;1;0
1397;332.3;124.9;340;0;1
1398;332.3;124.9;340;0;0
1399;332.3;124.9;340;0;0
1400;332.3;124.9;340;0;0
1401;332.4;124.9;340;0;0
1402;332.5;124.9;340;0;0
1403;332.5;124.9;340;0;0
1404;332.5;124.9;340;0;0
1405;332.6;124.9;340;0;0
1406;332.7;124.9;340;1;0
1407;332.6;124.9;340;0;1
1408;332.6;124.9;340;0;0
1409;332.7;124.9;340;0;0
1410;332.8;124.9;340;0;0
1411;332.9;124.9;340;0;0
1412;332.9;124.9;340;0;0
1413;333;124.9;340;0;0
1414;333;124.9;340;0;0
1415;333.1;124.9;340;0;0
1416;333.1;124.9;340;1;0
1417;333.2;124.9;340;0;1
1418;333.1;124.9;340;0;0
1419;333.1;124.9;340;0;0
1420;333.1;124.9;340;0;0
1421;333.2;124.9;340;0;0
1422;333.2;124.9;340;0;0
1423;333.1;124.9;340;0;0
1424;333.2;124.9;340;0;0
1425;333.3;124.9;340;1;0
1426;333.3;124.9;340;0;1
1427;333.4;124.9;340;0;0
1428;333.5;124.9;340;0;0
1429;333.5;124.9;340;0;0
1430;333.5;124.9;340;0;0
1431;333.5;124.9;340;0;0
1432;333.6;124.9;340;0;0
1433;333.6;124.9;340;0;0
1434;333.7;124.9;340;0;0
1435;333.7;124.9;340;0;0
1436;333.8;124.9;340;0;0
1437;333.8;124.9;340;0;0
1438;333.8;124.9;340;0;0
1439;333.9;124.9;340;0;0
1440;333.9;124.9;340;0;0
1441;334;124.9;340;0;0
1442;334;124.9;340;0;0
1443;334.1;124.9;340;0;0
1444;334.1;124.9;340;1;0
1445;334;124.9;340;0;1
1446;334.2;124.9;340;0;0
1447;334.2;124.9;340;0;0
1448;334.2;124.9;340;0;0
1449;334.1;124.9;340;0;0
1450;334.2;124.9;340;0;0
1451;334.2;124.9;340;0;0
1452;334.3;124.9;340;0;0
1453;334.3;124.9;340;0;0
1454;334.3;124.9;340;1;0
1455;334.3;124.9;340;0;1
1456;334.3;124.9;340;0;0
1457;334.3;124.9;340;0;0
1458;334.3;124.9;340;0;0
1459;334.3;124.9;340;0;0
1460;334.3;124.9;340;0;0
1461;334.4;124.9;340;0;0
1462;334.4;124.9;340;0;0
1463;334.6;124.9;340;1;0
1464;334.6;124.9;340;0;1
1465;334.6;124.9;340;0;0
1466;334.6;124.9;340;0;0
1467;334.6;124.9;340;0;0
1468;334.6;124.9;340;0;0
1469;334.7;124.9;340;0;0
1470;334.7;124.9;340;0;0
1471;334.9;124.9;340;0;0
1472;334.8;124.9;340;1;0
1473;334.8;124.9;340;0;1
1474;334.8;124.9;340;0;0
1475;335;124.9;340;0;0
1476;335;124.9;340;0;0
1477;335;124.9;340;0;0
1478;335;124.9;340;0;0
1479;335;124.9;340;0;0
1480;335.1;124.9;340;0;0
1481;335.1;124.9;340;0;0
1482;335.2;124.9;340;1;0
1483;335.1;124.9;340;0;1
1484;335.2;124.9;340;0;0
1485;335.2;124.9;340;0;0
1486;335.1;124.9;340;0;0
1487;335.1;124.9;340;0;0
1488;335.2;124.9;340;0;0
1489;335.2;124.9;340;0;0
1490;335.3;124.9;340;0;0
1491;335.3;124.9;340;0;0
1492;335.3;124.9;340;1;0
1493;335.3;124.9;340;0;1
1494;335.4;124.9;340;0;0
1495;335.4;124.9;340;0;0
1496;335.4;124.9;340;0;0
1497;335.4;124.9;340;0;0
1498;335.5;124.9;340;0;0
1499;335.5;124.9;340;0;0
1500;335.6;124.9;340;0;0
1501;335.6;124.9;340;0;0
1502;335.7;124.9;340;1;0
1503;335.6;124.9;340;0;1
1504;335.7;124.9;340;0;0
1505;335.7;124.9;340;0;0
1506;335.6;124.9;340;0;0
1507;335.7;124.9;340;0;0
1508;335.6;124.9;340;0;0
1509;335.7;124.9;340;0;0
1510;335.8;124.9;340;0;0
1511;335.9;124.9;340;1;0
1512;335.9;124.9;340;0;1
1513;336;124.9;340;0;0
1514;336;124.9;340;0;0
1515;336;124.9;340;0;0
1516;336;124.9;340;0;0
1517;336.1;124.9;340;0;0
1518;336.2;124.9;340;0;0
1519;336.1;124.9;340;0;0
1520;336.2;124.9;340;0;0
1521;336.1;124.9;340;1;0
1522;336.2;124.9;340;0;1
1523;336.2;124.9;340;0;0
1524;336.2;124.9;340;0;0
1525;336.2;124.9;340;0;0
1526;336.2;124.9;340;0;0
1527;336.3;124.9;340;0;0
1528;336.3;124.9;340;0;0
1529;336.3;124.9;340;0;0
1530;336.4;124.9;340;0;0
1531;336.5;124.9;340;1;0
1532;336.5;124.9;340;0;1
1533;336.5;124.9;340;0;0
1534;336.5;124.9;340;0;0
1535;336.5;124.9;340;0;0
1536;336.5;124.9;340;0;0
1537;336.5;124.9;340;0;0
1538;336.6;124.9;340;0;0
1539;336.6;124.9;340;0;0
1540;336.7;124.9;340;1;0
1541;336.7;124.9;340;0;1
1542;336.7;124.9;340;0;0
1543;336.7;124.9;340;0;0
1544;336.8;124.9;340;0;0
1545;336.8;124.9;340;0;0
1546;336.8;124.9;340;0;0
1547;336.8;124.9;340;0;0
1548;336.8;124.9;340;0;0
1549;336.9;124.9;340;0;0
1550;336.9;124.9;340;1;0
1551;336.9;124.9;340;0;1
1552;336.9;124.9;340;0;0
1553;336.9;124.9;340;0;0
1554;337;124.9;340;0;0
1555;337;124.9;340;0;0
1556;337.1;124.9;340;0;0
1557;337.1;124.9;340;0;0
1558;337.1;124.9;340;0;0
1559;337.1;124.9;340;1;0
1560;337.2;124.9;340;1;1
1561;337.2;124.9;340;0;1
1562;337.3;124.9;340;0;0
1563;337.3;124.9;340;0;0
1564;337.3;124.9;340;0;0
1565;337.4;124.9;340;0;0
1566;337.4;124.9;340;0;0
1567;337.4;124.9;340;0;0
1568;337.5;124.9;340;0;0
1569;337.4;124.9;340;1;0
1570;337.5;124.9;340;0;1
1571;337.6;124.9;340;0;0
1572;337.7;124.9;340;0;0
1573;337.6;124.9;340;0;0
1574;337.7;124.9;340;0;0
1575;337.8;124.9;340;0;0
1576;337.8;124.9;340;0;0
1577;337.8;124.9;340;0;0
1578;337.8;124.9;340;1;0
1579;337.8;124.9;340;1;1
1580;338;124.9;340;0;1
1581;338;124.9;340;0;0
1582;338;124.9;340;0;0
1583;338;124.9;340;0;0
1584;338.1;124.9;340;0;0
1585;338.2;124.9;340;0;0
1586;338.3;124.9;340;0;0
1587;338.3;124.9;340;0;0
1588;338.3;124.9;340;1;0
1589;338.4;124.9;340;0;1
1590;338.4;124.9;340;0;0
1591;338.5;124.9;340;0;0
1592;338.5;124.9;340;0;0
1593;338.5;124.9;340;0;0
1594;338.6;124.9;340;0;0
1595;338.6;124.9;340;0;0
1596;338.6;124.9;340;0;0
1597;338.6;124.9;340;1;0
1598;338.6;124.9;340;1;1
1599;338.6;124.9;340;0;1
1600;338.6;124.9;340;0;0
1601;338.8;124.9;340;0;0
1602;338.8;124.9;340;0;0
1603;338.8;124.9;340;0;0
1604;338.9;124.9;340;0;0
1605;339;124.9;340;0;0
1606;339;124.9;340;0;0
1607;339.1;124.9;340;1;0
1608;339.2;124.9;340;0;1
1609;339.2;124.9;340;0;0
1610;339.2;124.9;340;0;0
1611;339.3;124.9;340;0;0
1612;339.3;124.9;340;0;0
1613;339.3;124.9;340;0;0
1614;339.4;124.9;340;0;0
1615;339.3;124.9;340;0;0
1616;339.4;124.9;340;1;0
1617;339.4;124.9;340;0;1
1618;339.6;124.9;340;0;0
1619;339.6;124.9;340;0;0
1620;339.6;124.9;340;0;0
1621;339.6;124.9;340;0;0
1622;339.7;124.9;340;0;0
1623;339.8;124.9;340;0;0
1624;339.8;124.9;340;0;0
1625;339.8;124.9;340;0;0
1626;339.8;124.9;340;1;0
1627;339.9;124.9;340;0;1
1628;339.9;124.9;340;0;0
1629;340;124.9;340;0;0
1630;340;124.9;340;0;0
1631;340.1;124.9;340;0;0
1632;340.1;124.9;340;0;0
1633;340.1;124.9;340;0;0
1634;340.1;124.9;340;0;0
1635;340.1;124.9;340;0;0
1636;340.1;124.9;340;1;0
1637;340.2;124.9;340;0;1
1638;340.3;124.9;340;0;0
1639;340.2;124.9;340;0;0
1640;340.3;124.9;340;0;0
1641;340.3;124.9;340;0;0
1642;340.4;124.9;340;0;0
1643;340.4;124.9;340;0;0
1644;340.4;124.9;340;0;0
1645;340.5;124.9;340;0;0
1646;340.5;124.9;340;0;0
1647;340.5;124.9;340;0;0
1648;340.5;124.9;340;0;0
1649;340.5;124.9;340;0;0
1650;340.5;124.9;340;0;0
1651;340.5;124.9;340;0;0
1652;340.6;124.9;340;0;0
1653;340.6;124.9;340;0;0
1654;340.7;124.9;340;0;0
1655;340.7;124.9;340;1;0
1656;340.6;124.9;340;0;1
1657;340.7;124.9;340;0;0
1658;340.7;124.9;340;0;0
1659;340.7;124.9;340;0;0
1660;340.6;124.9;340;0;0
1661;340.7;124.9;340;0;0
1662;340.7;124.9;340;0;0
1663;340.8;124.9;340;0;0
1664;340.8;124.9;340;0;0
1665;340.8;124.9;340;0;0
1666;340.9;124.9;340;0;0
1667;340.9;124.9;340;0;0
1668;340.8;124.9;340;0;0
1669;340.9;124.9;340;0;0
1670;340.9;124.9;340;0;0
1671;340.9;124.9;340;0;0
1672;340.9;124.9;340;0;0
1673;340.9;124.9;340;0;0
1674;341;124.9;340;0;0
1675;341;124.9;340;0;0
1676;341;124.9;340;0;0
1677;341;124.9;340;0;0
1678;341;124.9;340;0;0
1679;340.9;124.9;340;0;0
1680;340.9;124.9;340;0;0
1681;340.9;124.9;340;0;0
1682;341;124.9;340;0;0
1683;341;124.9;340;0;0
1684;341;124.9;340;0;0
1685;341;124.9;340;0;0
1686;341;124.9;340;0;0
1687;340.9;124.9;340;0;0
1688;341;124.9;340;0;0
1689;341;124.9;340;0;0
1690;341;124.9;340;0;0
1691;340.9;124.9;340;0;0
1692;340.9;124.9;340;0;0
1693;340.9;124.9;340;0;0
1694;340.9;124.9;340;0;0
1695;340.9;124.9;340;0;0
1696;340.9;124.9;340;0;0
1697;340.9;124.9;340;0;0
1698;340.9;124.9;340;0;0
1699;340.8;124.9;340;0;0
1700;340.9;124.9;340;0;0
1701;340.9;124.9;340;0;0
1702;340.9;124.9;340;0;0
1703;340.9;124.9;340;0;0
1704;340.9;124.9;340;0;0
1705;340.9;124.9;340;0;0
1706;340.8;124.9;340;0;0
1707;340.9;124.9;340;0;0
1708;340.8;124.9;340;0;0
1709;340.8;124.9;340;0;0
1710;340.8;124.9;340;0;0
1711;340.8;124.9;340;0;0
1712;340.7;124.9;340;0;0
1713;340.7;124.9;340;0;0
1714;340.7;124.9;340;0;0
1715;340.6;124.9;340;0;0
1716;340.6;124.9;340;0;0
1717;340.7;124.9;340;0;0
1718;340.6;124.9;340;0;0
1719;340.7;124.9;340;0;0
1720;340.6;124.9;340;0;0
1721;340.6;124.9;340;0;0
1722;340.6;124.9;340;0;0
1723;340.7;124.9;340;0;0
1724;340.6;124.9;340;0;0
1725;340.6;124.9;340;0;0
1726;340.6;124.9;340;0;0
1727;340.6;124.9;340;0;0
1728;340.6;124.9;340;0;0
1729;340.6;124.9;340;0;0
1730;340.6;124.9;340;0;0
1731;340.6;124.9;340;0;0
1732;340.5;124.9;340;0;0
1733;340.6;124.9;340;0;0
1734;340.6;124.9;340;0;0
1735;340.5;124.9;340;0;0
1736;340.5;124.9;340;0;0
1737;340.5;124.9;340;0;0
1738;340.5;124.9;340;0;0
1739;340.5;124.9;340;0;0
1740;340.4;124.9;340;0;0
1741;340.4;124.9;340;0;0
1742;340.4;124.9;340;0;0
1743;340.3;124.9;340;0;0
1744;340.4;124.9;340;0;0
1745;340.4;124.9;340;0;0
1746;340.3;124.9;340;0;0
1747;340.3;124.9;340;0;0
1748;340.4;124.9;340;0;0
1749;340.3;124.9;340;0;0
1750;340.3;124.9;340;0;0
1751;340.2;124.9;340;0;0
1752;340.2;124.9;340;0;0
1753;340.2;124.9;340;0;0
1754;340.1;124.9;340;0;0
1755;340;124.9;340;0;0
1756;340;124.9;340;0;0
1757;340.1;124.9;340;0;0
1758;340.1;124.9;340;0;0
1759;340;124.9;340;0;0
1760;340;124.9;340;0;0
1761;340;124.9;340;0;0
1762;340;124.9;340;0;0
1763;339.9;124.9;340;0;0
1764;340;124.9;340;0;0
1765;339.9;124.9;340;0;0
1766;339.9;124.9;340;0;0
1767;339.8;124.9;340;0;0
1768;339.8;124.9;340;0;0
1769;339.9;124.9;340;0;0
1770;339.8;124.9;340;0;0
1771;339.8;124.9;340;0;0
1772;339.8;124.9;340;0;0
1773;339.8;124.9;340;0;0
1774;339.8;124.9;340;0;0
1775;339.7;124.9;340;0;0
1776;339.7;124.9;340;0;0
1777;339.7;124.9;340;0;0
1778;339.6;124.9;340;0;0
1779;339.6;124.9;340;0;0
1780;339.6;124.9;340;0;0
1781;339.6;124.9;340;0;0
1782;339.5;124.9;340;0;0
1783;339.5;124.9;340;0;0
1784;339.5;124.9;340;0;0
1785;339.5;124.9;340;0;0
1786;339.4;124.9;340;0;0
1787;339.4;124.9;340;0;0
1788;339.4;124.9;340;0;0
1789;339.4;124.9;340;1;0
1790;339.4;124.9;340;0;0
1791;339.3;124.9;340;0;1
1792;339.3;124.9;340;0;0
1793;339.3;124.9;340;0;0
1794;339.3;124.9;340;0;0
1795;339.1;124.9;340;0;0
1796;339.3;124.9;340;0;0
1797;339.3;124.9;340;0;0
1798;339.2;124.9;340;0;0
1799;339.2;124.9;340;1;0
1800;339.2;124.9;340;0;0
1801;339.2;124.9;340;0;1
1802;339.2;124.9;340;0;0
1803;339.1;124.9;340;0;0
1804;339.1;124.9;340;0;0
1805;339.2;124.9;340;0;0
1806;339.3;124.9;340;0;0
1807;339.3;124.9;340;0;0
1808;339.2;124.9;340;0;0
1809;339.2;124.9;340;1;0
1810;339.2;124.9;340;0;0
1811;339.3;124.9;340;0;1
1812;339.3;124.9;340;0;0
1813;339.3;124.9;340;0;0
1814;339.3;124.9;340;0;0
1815;339.3;124.9;340;0;0
1816;339.3;124.9;340;0;0
1817;339.2;124.9;340;0;0
1818;339.2;124.9;340;0;0
1819;339.3;124.9;340;1;0
1820;339.3;124.9;340;0;0
1821;339.4;124.9;340;0;1
1822;339.3;124.9;340;0;0
1823;339.3;124.9;340;0;0
1824;339.2;124.9;340;0;0
1825;339.3;124.9;340;0;0
1826;339.3;124.9;340;0;0
1827;339.3;124.9;340;0;0
1828;339.3;124.9;340;1;0
1829;339.4;124.9;340;0;0
1830;339.3;124.9;340;0;1
1831;339.2;124.9;340;0;0
1832;339.2;124.9;340;0;0
1833;339.2;124.9;340;0;0
1834;339.2;124.9;340;0;0
1835;339.2;124.9;340;0;0
1836;339.3;124.9;340;0;0
1837;339.3;124.9;340;0;0
1838;339.4;124.9;340;1;0
1839;339.4;124.9;340;0;0
1840;339.4;124.9;340;0;1
1841;339.4;124.9;340;0;0
1842;339.4;124.9;340;0;0
1843;339.5;124.9;340;0;0
1844;339.4;124.9;340;0;0
1845;339.4;124.9;340;0;0
1846;339.4;124.9;340;0;0
1847;339.4;124.9;340;1;0
1848;339.4;124.9;340;1;0
1849;339.5;124.9;340;0;1
1850;339.4;124.9;340;0;0
1851;339.4;124.9;340;0;0
1852;339.5;124.9;340;0;0
1853;339.5;124.9;340;0;0
1854;339.5;124.9;340;0;0
1855;339.5;124.9;340;0;0
1856;339.6;124.9;340;0;0
1857;339.6;124.9;340;1;0
1858;339.6;124.9;340;0;1
1859;339.6;124.9;340;0;0
1860;339.6;124.9;340;0;0
1861;339.6;124.9;340;0;0
1862;339.5;124.9;340;0;0
1863;339.6;124.9;340;0;0
1864;339.6;124.9;340;0;0
1865;339.6;124.9;340;0;0
1866;339.6;124.9;340;0;0
1867;339.6;124.9;340;0;0
1868;339.6;124.9;340;0;0
1869;339.6;124.9;340;0;0
1870;339.6;124.9;340;0;0
1871;339.6;124.9;340;0;0
1872;339.6;124.9;340;0;0
1873;339.6;124.9;340;0;0
1874;339.5;124.9;340;0;0
1875;339.5;124.9;340;0;0
1876;339.5;124.9;340;1;0
1877;339.5;124.9;340;0;1
1878;339.5;124.9;340;0;0
1879;339.5;124.9;340;0;0
1880;339.6;124.9;340;0;0
1881;339.5;124.9;340;0;0
1882;339.5;124.9;340;0;0
1883;339.6;124.9;340;0;0
1884;339.6;124.9;340;0;0
1885;339.5;124.9;340;1;0
1886;339.5;124.9;340;0;1
1887;339.6;124.9;340;0;0
1888;339.6;124.9;340;0;0
1889;339.6;124.9;340;0;0
1890;339.6;124.9;340;0;0
1891;339.6;124.9;340;0;0
1892;339.6;124.9;340;0;0
1893;339.6;124.9;340;0;0
1894;339.6;124.9;340;0;0
1895;339.6;124.9;340;1;0
1896;339.6;124.9;340;0;1
1897;339.7;124.9;340;0;0
1898;339.7;124.9;340;0;0
1899;339.7;124.9;340;0;0
1900;339.6;124.9;340;0;0
1901;339.7;124.9;340;0;0
1902;339.7;124.9;340;0;0
1903;339.7;124.9;340;0;0
1904;339.7;124.9;340;0;0
1905;339.7;124.9;340;1;0
1906;339.7;124.9;340;0;1
1907;339.7;124.9;340;0;0
1908;339.7;124.9;340;0;0
1909;339.6;124.9;340;0;0
1910;339.7;124.9;340;0;0
1911;339.7;124.9;340;0;0
1912;339.7;124.9;340;0;0
1913;339.7;124.9;340;0;0
1914;339.7;124.9;340;0;0
1915;339.7;124.9;340;1;0
1916;339.7;124.9;340;0;1
1917;339.7;124.9;340;0;0
1918;339.8;124.9;340;0;0
1919;339.8;124.9;340;0;0
1920;339.8;124.9;340;0;0
1921;339.8;124.9;340;0;0
1922;339.8;124.9;340;0;0
1923;339.8;124.9;340;0;0
1924;339.8;124.9;340;1;0
1925;339.9;124.9;340;0;1
1926;339.9;124.9;340;0;0
1927;339.8;124.9;340;0;0
1928;339.9;124.9;340;0;0
1929;340;124.9;340;0;0
1930;339.9;124.9;340;0;0
1931;340;124.9;340;0;0
1932;340;124.9;340;0;0
1933;340;124.9;340;0;0
1934;340;124.9;340;0;0
1935;340.1;124.9;340;0;0
1936;340.2;124.9;340;0;0
1937;340.2;124.9;340;0;0
1938;340.1;124.9;340;0;0
1939;340.1;124.9;340;0;0
1940;340;124.9;340;0;0
1941;340;124.9;340;0;0
1942;340.1;124.9;340;0;0
1943;340;124.9;340;0;0
1944;340.1;124.9;340;1;0
1945;340.1;124.9;340;0;1
1946;340;124.9;340;0;0
1947;340;124.9;340;0;0
1948;340;124.9;340;0;0
1949;340;124.9;340;0;0
1950;340;124.9;340;0;0
1951;340;124.9;340;0;0
1952;339.9;124.9;340;0;0
1953;339.9;124.9;340;0;0
1954;340;124.9;340;1;0
1955;339.9;124.9;340;0;1
1956;339.9;124.9;340;0;0
1957;339.9;124.9;340;0;0
1958;340;124.9;340;0;0
1959;340;124.9;340;0;0
1960;340;124.9;340;0;0
1961;340.1;124.9;340;0;0
1962;340.1;124.9;340;0;0
1963;340.1;124.9;340;0;0
1964;340.1;124.9;340;1;0
1965;340.1;124.9;340;0;1
1966;340.1;124.9;340;0;0
1967;340.1;124.9;340;0;0
1968;340.1;124.9;340;0;0
1969;340.1;124.9;340;0;0
1970;340.1;124.9;340;0;0
1971;340.1;124.9;340;0;0
1972;340.2;124.9;340;0;0
1973;340.2;124.9;340;0;0
1974;340.2;124.9;340;1;0
1975;340.2;124.9;340;0;1
1976;340.3;124.9;340;0;0
1977;340.3;124.9;340;0;0
1978;340.3;124.9;340;0;0
1979;340.3;124.9;340;0;0
1980;340.3;124.9;340;0;0
1981;340.3;124.9;340;0;0
1982;340.4;124.9;340;0;0
1983;340.3;124.9;340;0;0
1984;340.3;124.9;340;1;0
1985;340.3;124.9;340;0;1
1986;340.3;124.9;340;0;0
1987;340.4;124.9;340;0;0
1988;340.4;124.9;340;0;0
1989;340.5;124.9;340;0;0
1990;340.3;124.9;340;0;0
1991;340.4;124.9;340;0;0
1992;340.3;124.9;340;0;0
1993;340.4;124.9;340;0;0
1994;340.4;124.9;340;1;0
1995;340.5;124.9;340;0;1
1996;340.6;124.9;340;0;0
1997;340.5;124.9;340;0;0
1998;340.5;124.9;340;0;0
1999;340.5;124.9;340;0;0
2000;340.6;124.9;340;0;0
2001;340.6;124.9;340;0;0
2002;340.6;124.9;340;0;0
2003;340.6;124.9;340;0;0
2004;340.5;124.9;340;0;0
2005;340.6;124.9;340;0;0
2006;340.6;124.9;340;0;0
2007;340.7;124.9;340;0;0
2008;340.6;124.9;340;0;0
2009;340.6;124.9;340;0;0
2010;340.6;124.9;340;0;0
2011;340.6;124.9;340;0;0
2012;340.6;124.9;340;0;0
2013;340.7;124.9;340;1;0
2014;340.6;124.9;340;0;1
2015;340.6;124.9;340;0;0
2016;340.6;124.9;340;0;0
2017;340.6;124.9;340;0;0
2018;340.6;124.9;340;0;0
2019;340.6;124.9;340;0;0
2020;340.6;124.9;340;0;0
2021;340.6;124.9;340;0;0
2022;340.6;124.9;340;0;0
2023;340.7;124.9;340;0;0
2024;340.7;124.9;340;0;0
2025;340.7;124.9;340;0;0
2026;340.7;124.9;340;0;0
2027;340.6;124.9;340;0;0
2028;340.6;124.9;340;0;0
2029;340.6;124.9;340;0;0
2030;340.5;124.9;340;0;0
2031;340.5;124.9;340;0;0
2032;340.6;124.9;340;0;0
2033;340.6;124.9;340;0;0
2034;340.6;124.9;340;0;0
2035;340.6;124.9;340;0;0
2036;340.6;124.9;340;0;0
2037;340.6;124.9;340;0;0
2038;340.5;124.9;340;0;0
2039;340.5;124.9;340;0;0
2040;340.5;124.9;340;0;0
2041;340.5;124.9;340;0;0
2042;340.5;124.9;340;0;0
2043;340.5;124.9;340;0;0
2044;340.5;124.9;340;0;0
2045;340.5;124.9;340;0;0
2046;340.5;124.9;340;0;0
2047;340.5;124.9;340;0;0
2048;340.5;124.9;340;0;0
2049;340.5;124.9;340;0;0
2050;340.5;124.9;340;0;0
2051;340.5;124.9;340;0;0
2052;340.5;124.9;340;0;0
2053;340.5;124.9;340;0;0
2054;340.4;124.9;340;0;0
2055;340.3;124.9;340;0;0
2056;340.4;124.9;340;0;0
2057;340.3;124.9;340;0;0
2058;340.3;124.9;340;0;0
2059;340.3;124.9;340;0;0
2060;340.3;124.9;340;0;0
2061;340.3;124.9;340;0;0
2062;340.3;124.9;340;0;0
2063;340.3;124.9;340;0;0
2064;340.2;124.9;340;0;0
2065;340.2;124.9;340;0;0
2066;340.2;124.9;340;0;0
2067;340.2;124.9;340;0;0
2068;340.1;124.9;340;0;0
2069;340.2;124.9;340;0;0
2070;340.1;124.9;340;0;0
2071;340.1;124.9;340;0;0
2072;340.1;124.9;340;1;0
2073;340.1;124.9;340;0;0
2074;340.2;124.9;340;0;1
2075;340.1;124.9;340;0;0
2076;340;124.9;340;0;0
2077;339.9;124.9;340;0;0
2078;340.1;124.9;340;0;0
2079;340;124.9;340;0;0
2080;340;124.9;340;0;0
2081;339.9;124.9;340;0;0
2082;339.9;124.9;340;0;0
2083;339.9;124.9;340;0;0
2084;340;124.9;340;0;0
2085;340;124.9;340;0;0
2086;339.9;124.9;340;0;0
2087;339.9;124.9;340;0;0
2088;339.9;124.9;340;0;0
2089;339.9;124.9;340;0;0
2090;339.9;124.9;340;0;0
2091;339.9;124.9;340;0;0
2092;339.8;124.9;340;0;0
2093;339.8;124.9;340;0;0
2094;339.7;124.9;340;0;0
2095;339.7;124.9;340;0;0
2096;339.7;124.9;340;1;0
2097;339.7;124.9;340;0;1
2098;339.7;124.9;340;0;0
2099;339.6;124.9;340;0;0
2100;339.6;124.9;340;0;0
2101;339.6;124.9;340;0;0
2102;339.6;124.9;340;0;0
2103;339.6;124.9;340;0;0
2104;339.6;124.9;340;0;0
2105;339.6;124.9;340;0;0
2106;339.6;124.9;340;0;0
2107;339.6;124.9;340;0;0
2108;339.6;124.9;340;0;0
2109;339.5;124.9;340;0;0
2110;339.6;124.9;340;0;0
2111;339.5;124.9;340;0;0
2112;339.5;124.9;340;0;0
2113;339.5;124.9;340;1;0
2114;339.5;124.9;340;0;1
2115;339.6;124.9;340;0;0
2116;339.5;124.9;340;0;0
2117;339.5;124.9;340;0;0
2118;339.5;124.9;340;0;0
2119;339.5;124.9;340;0;0
2120;339.6;124.9;340;0;0
2121;339.6;124.9;340;0;0
2122;339.6;124.9;340;0;0
2123;339.6;124.9;340;0;0
2124;339.4;124.9;340;0;0
2125;339.5;124.9;340;0;0
2126;339.5;124.9;340;0;0
2127;339.4;124.9;340;0;0
2128;339.5;124.9;340;0;0
2129;339.5;124.9;340;0;0
2130;339.5;124.9;340;1;0
2131;339.4;124.9;340;0;1
2132;339.4;124.9;340;0;0
2133;339.4;124.9;340;0;0
2134;339.4;124.9;340;0;0
2135;339.4;124.9;340;0;0
2136;339.3;124.9;340;0;0
2137;339.4;124.9;340;0;0
2138;339.4;124.9;340;0;0
2139;339.3;124.9;340;0;0
2140;339.2;124.9;340;0;0
2141;339.3;124.9;340;0;0
2142;339.3;124.9;340;0;0
2143;339.2;124.9;340;0;0
2144;339.3;124.9;340;0;0
2145;339.3;124.9;340;0;0
2146;339.2;124.9;340;0;0
2147;339.2;124.9;340;1;0
2148;339.2;124.9;340;0;1
2149;339.3;124.9;340;0;0
2150;339.2;124.9;340;0;0
2151;339.2;124.9;340;0;0
2152;339.3;124.9;340;0;0
2153;339.2;124.9;340;0;0
2154;339.3;124.9;340;0;0
2155;339.2;124.9;340;1;0
2156;339.2;124.9;340;0;1
2157;339.2;124.9;340;0;0
2158;339.3;124.9;340;0;0
2159;339.2;124.9;340;0;0
2160;339.3;124.9;340;0;0
2161;339.3;124.9;340;0;0
2162;339.3;124.9;340;0;0
2163;339.3;124.9;340;0;0
2164;339.3;124.9;340;1;0
2165;339.2;124.9;340;0;1
2166;339.2;124.9;340;0;0
2167;339.3;124.9;340;0;0
2168;339.3;124.9;340;0;0
2169;339.3;124.9;340;0;0
2170;339.2;124.9;340;0;0
2171;339.3;124.9;340;0;0
2172;339.3;124.9;340;1;0
2173;339.3;124.9;340;0;1
2174;339.3;124.9;340;0;0
2175;339.4;124.9;340;0;0
2176;339.3;124.9;340;0;0
2177;339.4;124.9;340;0;0
2178;339.4;124.9;340;0;0
2179;339.3;124.9;340;0;0
2180;339.4;124.9;340;0;0
2181;339.4;124.9;340;0;0
2182;339.4;124.9;340;0;0
2183;339.4;124.9;340;0;0
2184;339.4;124.9;340;0;0
2185;339.4;124.9;340;0;0
2186;339.4;124.9;340;0;0
2187;339.5;124.9;340;0;0
2188;339.4;124.9;340;0;0
2189;339.5;124.9;340;1;0
2190;339.4;124.9;340;0;0
2191;339.4;124.9;340;0;1
2192;339.4;124.9;340;0;0
2193;339.5;124.9;340;0;0
2194;339.5;124.9;340;0;0
2195;339.4;124.9;340;0;0
2196;339.4;124.9;340;0;0
2197;339.4;124.9;340;1;0
2198;339.5;124.9;340;0;0
2199;339.4;124.9;340;0;1
2200;339.3;124.9;340;0;0
2201;339.5;124.9;340;0;0
2202;339.4;124.9;340;0;0
2203;339.4;124.9;340;0;0
2204;339.5;124.9;340;0;0
2205;339.5;124.9;340;0;0
2206;339.5;124.9;340;0;0
2207;339.5;124.9;340;0;0
2208;339.5;124.9;340;0;0
2209;339.6;124.9;340;0;0
2210;339.6;124.9;340;0;0
2211;339.5;124.9;340;0;0
2212;339.6;124.9;340;0;0
2213;339.5;124.9;340;1;0
2214;339.5;124.9;340;0;1
2215;339.4;124.9;340;0;0
2216;339.4;124.9;340;0;0
2217;339.4;124.9;340;0;0
2218;339.4;124.9;340;0;0
2219;339.4;124.9;340;0;0
2220;339.4;124.9;340;0;0
2221;339.5;124.9;340;1;0
2222;339.4;124.9;340;0;1
2223;339.5;124.9;340;0;0
2224;339.5;124.9;340;0;0
2225;339.4;124.9;340;0;0
2226;339.5;124.9;340;0;0
2227;339.6;124.9;340;0;0
2228;339.6;124.9;340;0;0
2229;339.6;124.9;340;0;0
2230;339.6;124.9;340;1;0
2231;339.6;124.9;340;0;1
2232;339.6;124.9;340;0;0
2233;339.6;124.9;340;0;0
2234;339.6;124.9;340;0;0
2235;339.7;124.9;340;0;0
2236;339.7;124.9;340;0;0
2237;339.7;124.9;340;0;0
2238;339.6;124.9;340;1;0
2239;339.6;124.9;340;0;1
2240;339.7;124.9;340;0;0
2241;339.6;124.9;340;0;0
2242;339.7;124.9;340;0;0
2243;339.7;124.9;340;0;0
2244;339.8;124.9;340;0;0
2245;339.8;124.9;340;0;0
2246;339.8;124.9;340;0;0
2247;339.8;124.9;340;0;0
2248;339.8;124.9;340;0;0
2249;339.8;124.9;340;0;0
2250;339.8;124.9;340;0;0
2251;339.8;124.9;340;0;0
2252;339.8;124.9;340;0;0
2253;339.8;124.9;340;0;0
2254;339.8;124.9;340;0;0
2255;339.8;124.9;340;1;0
2256;339.8;124.9;340;0;1
2257;339.8;124.9;340;0;0
2258;339.8;124.9;340;0;0
2259;339.8;124.9;340;0;0
2260;339.8;124.9;340;0;0
2261;339.8;124.9;340;0;0
2262;339.9;124.9;340;0;0
2263;339.8;124.9;340;1;0
2264;339.9;124.9;340;0;1
2265;339.9;124.9;340;0;0
2266;339.9;124.9;340;0;0
2267;339.9;124.9;340;0;0
2268;339.9;124.9;340;0;0
2269;339.9;124.9;340;0;0
2270;339.9;124.9;340;0;0
2271;339.9;124.9;340;0;0
2272;340;124.9;340;1;0
2273;340;124.9;340;0;1
2274;340;124.9;340;0;0
2275;340;124.9;340;0;0
2276;340;124.9;340;0;0
2277;340;124.9;340;0;0
2278;340.1;124.9;340;0;0
2279;340.1;124.9;340;0;0
2280;340;124.9;340;1;0
2281;340.1;124.9;340;0;1
2282;340;124.9;340;0;0
2283;340;124.9;340;0;0
2284;340.1;124.9;340;0;0
2285;340;124.9;340;0;0
2286;340;124.9;340;0;0
2287;340;124.9;340;0;0
2288;340.1;124.9;340;0;0
2289;340.1;124.9;340;0;0
2290;340.1;124.9;340;0;0
2291;340.2;124.9;340;0;0
2292;340.2;124.9;340;0;0
2293;340.2;124.9;340;0;0
2294;340.3;124.9;340;0;0
2295;340.3;124.9;340;0;0
2296;340.3;124.9;340;0;0
2297;340.3;124.9;340;1;0
2298;340.3;124.9;340;0;1
2299;340.3;124.9;340;0;0
2300;340.3;124.9;340;0;0
2301;340.3;124.9;340;0;0
2302;340.3;124.9;340;0;0
2303;340.3;124.9;340;0;0
2304;340.3;124.9;340;0;0
2305;340.3;124.9;340;0;0
2306;340.3;124.9;340;0;0
2307;340.3;124.9;340;0;0
2308;340.3;124.9;340;0;0
2309;340.3;124.9;340;0;0
2310;340.3;124.9;340;0;0
2311;340.4;124.9;340;0;0
2312;340.4;124.9;340;0;0
2313;340.4;124.9;340;0;0
2314;340.3;124.9;340;0;0
2315;340.3;124.9;340;0;0
2316;340.3;124.9;340;0;0
2317;340.3;124.9;340;0;0
2318;340.3;124.9;340;0;0
2319;340.3;124.9;340;0;0
2320;340.4;124.9;340;0;0
2321;340.3;124.9;340;0;0
2322;340.3;124.9;340;1;0
2323;340.3;124.9;340;0;0
2324;340.3;124.9;340;0;1
2325;340.3;124.9;340;0;0
2326;340.2;124.9;340;0;0
2327;340.2;124.9;340;0;0
2328;340.3;124.9;340;0;0
2329;340.2;124.9;340;0;0
2330;340.3;124.9;340;0;0
2331;340.2;124.9;340;0;0
2332;340.2;124.9;340;0;0
2333;340.2;124.9;340;0;0
2334;340.3;124.9;340;0;0
2335;340.3;124.9;340;0;0
2336;340.3;124.9;340;0;0
2337;340.2;124.9;340;0;0
2338;340.2;124.9;340;1;0
2339;340.2;124.9;340;0;1
2340;340.2;124.9;340;0;0
2341;340.2;124.9;340;0;0
2342;340.2;124.9;340;0;0
2343;340.2;124.9;340;0;0
2344;340.2;124.9;340;0;0
2345;340.2;124.9;340;0;0
2346;340.2;124.9;340;1;0
2347;340.2;124.9;340;0;1
2348;340.2;124.9;340;0;0
2349;340.2;124.9;340;0;0
2350;340.2;124.9;340;0;0
2351;340.3;124.9;340;0;0
2352;340.2;124.9;340;0;0
2353;340.2;124.9;340;0;0
2354;340.2;124.9;340;0;0
2355;340.3;124.9;340;0;0
2356;340.3;124.9;340;0;0
2357;340.3;124.9;340;0;0
2358;340.3;124.9;340;0;0
2359;340.2;124.9;340;0;0
2360;340.2;124.9;340;0;0
2361;340.2;124.9;340;0;0
2362;340.2;124.9;340;0;0
2363;340.2;124.9;340;1;0
2364;340.2;124.9;340;0;1
2365;340.2;124.9;340;0;0
2366;340.2;124.9;340;0;0
2367;340.3;124.9;340;0;0
2368;340.2;124.9;340;0;0
2369;340.2;124.9;340;0;0
2370;340.2;124.9;340;0;0
2371;340.2;124.9;340;1;0
2372;340.2;124.9;340;0;1
2373;340.2;124.9;340;0;0
2374;340.2;124.9;340;0;0
2375;340.3;124.9;340;0;0
2376;340.2;124.9;340;0;0
2377;340.3;124.9;340;0;0
2378;340.3;124.9;340;0;0
2379;340.3;124.9;340;0;0
2380;340.3;124.9;340;0;0
2381;340.3;124.9;340;0;0
2382;340.3;124.9;340;0;0
2383;340.2;124.9;340;0;0
2384;340.3;124.9;340;0;0
2385;340.2;124.9;340;0;0
2386;340.2;124.9;340;0;0
2387;340.4;124.9;340;0;0
2388;340.4;124.9;340;1;0
2389;340.4;124.9;340;0;1
2390;340.4;124.9;340;0;0
2391;340.3;124.9;340;0;0
2392;340.4;124.9;340;0;0
2393;340.3;124.9;340;0;0
2394;340.2;124.9;340;0;0
2395;340.2;124.9;340;0;0
2396;340.2;124.9;340;0;0
2397;340.2;124.9;340;0;0
2398;340.2;124.9;340;0;0
2399;340.3;124.9;340;0;0
2400;340.2;124.9;340;0;0
2401;340.2;124.9;340;0;0
2402;340.3;124.9;340;0;0
2403;340.4;124.9;340;0;0
2404;340.4;124.9;340;0;0
2405;340.4;124.9;340;1;0
2406;340.4;124.9;340;0;1
2407;340.4;124.9;340;0;0
2408;340.4;124.9;340;0;0
2409;340.3;124.9;340;0;0
2410;340.4;124.9;340;0;0
2411;340.3;124.9;340;0;0
2412;340.3;124.9;340;0;0
2413;340.3;124.9;340;0;0
2414;340.3;124.9;340;0;0
2415;340.4;124.9;340;0;0
2416;340.4;124.9;340;0;0
2417;340.4;124.9;340;0;0
2418;340.4;124.9;340;0;0
2419;340.3;124.9;340;0;0
2420;340.3;124.9;340;0;0
2421;340.2;124.9;340;0;0
2422;340.3;124.9;340;1;0
2423;340.2;124.9;340;0;1
2424;340.3;124.9;340;0;0
2425;340.2;124.9;340;0;0
2426;340.2;124.9;340;0;0
2427;340.4;124.9;340;0;0
2428;340.2;124.9;340;0;0
2429;340.4;124.9;340;0;0
2430;340.4;124.9;340;0;0
2431;340.3;124.9;340;0;0
2432;340.2;124.9;340;0;0
2433;340.2;124.9;340;0;0
2434;340.2;124.9;340;0;0
2435;340.2;124.9;340;0;0
2436;340.4;124.9;340;0;0
2437;340.3;124.9;340;0;0
2438;340.2;124.9;340;0;0
2439;340.2;124.9;340;0;0
2440;340.3;124.9;340;0;0
2441;340.3;124.9;340;0;0
2442;340.3;124.9;340;0;0
2443;340.3;124.9;340;0;0
2444;340.4;124.9;340;0;0
2445;340.3;124.9;340;0;0
2446;340.3;124.9;340;0;0
2447;340.2;124.9;340;1;0
2448;340.2;124.9;340;0;0
2449;340.2;124.9;340;0;1
2450;340.2;124.9;340;0;0
2451;340.2;124.9;340;0;0
2452;340.1;124.9;340;0;0
2453;340.2;124.9;340;0;0
2454;340.1;124.9;340;0;0
2455;340.1;124.9;340;0;0
2456;340.1;124.9;340;0;0
2457;340.1;124.9;340;0;0
2458;340.1;124.9;340;0;0
2459;340.2;124.9;340;0;0
2460;340.2;124.9;340;0;0
2461;340.1;124.9;340;0;0
2462;340.2;124.9;340;0;0
2463;340.1;124.9;340;0;0
2464;340.2;124.9;340;0;0
2465;340.1;124.9;340;0;0
2466;340.1;124.9;340;0;0
2467;340.1;124.9;340;0;0
2468;340;124.9;340;0;0
2469;340;124.9;340;0;0
2470;340;124.9;340;0;0
2471;340;124.9;340;1;0
2472;340;124.9;340;0;1
2473;340;124.9;340;0;0
2474;340;124.9;340;0;0
2475;339.9;124.9;340;0;0
2476;340;124.9;340;0;0
2477;340;124.9;340;0;0
2478;340;124.9;340;0;0
2479;340;124.9;340;0;0
2480;339.9;124.9;340;0;0
2481;339.9;124.9;340;0;0
2482;340;124.9;340;0;0
2483;339.9;124.9;340;0;0
2484;339.9;124.9;340;0;0
2485;339.9;124.9;340;0;0
2486;339.9;124.9;340;0;0
2487;339.8;124.9;340;0;0
2488;339.9;124.9;340;1;0
2489;339.8;124.9;340;0;1
2490;339.8;124.9;340;0;0
2491;339.8;124.9;340;0;0
2492;339.8;124.9;340;0;0
2493;339.8;124.9;340;0;0
2494;339.8;124.9;340;0;0
2495;339.8;124.9;340;0;0
2496;339.8;124.9;340;0;0
2497;339.8;124.9;340;0;0
2498;339.8;124.9;340;0;0
2499;339.8;124.9;340;0;0
2500;339.8;124.9;340;0;0
2501;339.8;124.9;340;0;0
2502;339.8;124.9;340;0;0
2503;339.8;124.9;340;0;0
2504;339.8;124.9;340;0;0
2505;339.8;124.9;340;1;0
2506;339.8;124.9;340;0;1
2507;339.8;124.9;340;0;0
2508;339.7;124.9;340;0;0
2509;339.7;124.9;340;0;0
2510;339.8;124.9;340;0;0
2511;339.8;124.9;340;0;0
2512;339.7;124.9;340;0;0
2513;339.7;124.9;340;0;0
2514;339.7;124.9;340;0;0
2515;339.7;124.9;340;0;0
2516;339.7;124.9;340;0;0
2517;339.7;124.9;340;0;0
2518;339.7;124.9;340;0;0
2519;339.7;124.9;340;0;0
2520;339.7;124.9;340;0;0
2521;339.7;124.9;340;0;0
2522;339.7;124.9;340;1;0
2523;339.7;124.9;340;0;1
2524;339.6;124.9;340;0;0
2525;339.6;124.9;340;0;0
2526;339.6;124.9;340;0;0
2527;339.6;124.9;340;0;0
2528;339.7;124.9;340;0;0
2529;339.6;124.9;340;0;0
2530;339.7;124.9;340;0;0
2531;339.6;124.9;340;0;0
2532;339.5;124.9;340;0;0
2533;339.6;124.9;340;0;0
2534;339.6;124.9;340;0;0
2535;339.6;124.9;340;0;0
2536;339.6;124.9;340;0;0
2537;339.6;124.9;340;0;0
2538;339.6;124.9;340;0;0
2539;339.6;124.9;340;1;0
2540;339.6;124.9;340;0;1
2541;339.6;124.9;340;0;0
2542;339.6;124.9;340;0;0
2543;339.6;124.9;340;0;0
2544;339.5;124.9;340;0;0
2545;339.6;124.9;340;0;0
2546;339.5;124.9;340;0;0
2547;339.6;124.9;340;1;0
2548;339.6;124.9;340;0;0
2549;339.6;124.9;340;0;1
2550;339.5;124.9;340;0;0
2551;339.6;124.9;340;0;0
2552;339.5;124.9;340;0;0
2553;339.6;124.9;340;0;0
2554;339.6;124.9;340;0;0
2555;339.5;124.9;340;0;0
2556;339.5;124.9;340;0;0
2557;339.5;124.9;340;0;0
2558;339.6;124.9;340;0;0
2559;339.5;124.9;340;0;0
2560;339.5;124.9;340;0;0
2561;339.5;124.9;340;0;0
2562;339.5;124.9;340;0;0
2563;339.4;124.9;340;1;0
2564;339.4;124.9;340;0;1
2565;339.4;124.9;340;0;0
2566;339.4;124.9;340;0;0
2567;339.4;124.9;340;0;0
2568;339.5;124.9;340;0;0
2569;339.5;124.9;340;0;0
2570;339.6;124.9;340;0;0
2571;339.6;124.9;340;0;0
2572;339.4;124.9;340;1;0
2573;339.5;124.9;340;0;1
2574;339.5;124.9;340;0;0
2575;339.6;124.9;340;0;0
2576;339.5;124.9;340;0;0
2577;339.6;124.9;340;0;0
2578;339.5;124.9;340;0;0
2579;339.4;124.9;340;0;0
2580;339.6;124.9;340;1;0
2581;339.5;124.9;340;0;1
2582;339.6;124.9;340;0;0
2583;339.6;124.9;340;0;0
2584;339.6;124.9;340;0;0
2585;339.6;124.9;340;0;0
2586;339.6;124.9;340;0;0
2587;339.6;124.9;340;0;0
2588;339.7;124.9;340;0;0
2589;339.7;124.9;340;1;0
2590;339.7;124.9;340;0;1
2591;339.6;124.9;340;0;0
2592;339.7;124.9;340;0;0
2593;339.7;124.9;340;0;0
2594;339.7;124.9;340;0;0
2595;339.8;124.9;340;0;0
2596;339.9;124.9;340;0;0
2597;339.8;124.9;340;1;0
2598;339.8;124.9;340;0;1
2599;339.7;124.9;340;0;0
2600;339.8;124.9;340;0;0
2601;339.8;124.9;340;0;0
2602;339.8;124.9;340;0;0
2603;339.8;124.9;340;0;0
2604;339.8;124.9;340;0;0
2605;339.8;124.9;340;1;0
2606;339.8;124.9;340;0;1
2607;339.8;124.9;340;0;0
2608;340;124.9;340;0;0
2609;339.9;124.9;340;0;0
2610;340;124.9;340;0;0
2611;339.9;124.9;340;0;0
2612;339.9;124.9;340;0;0
2613;339.9;124.9;340;0;0
2614;339.9;124.9;340;1;0
2615;339.9;124.9;340;0;0
2616;340;124.9;340;0;1
2617;340;124.9;340;0;0
2618;340;124.9;340;0;0
2619;339.9;124.9;340;0;0
2620;340.1;124.9;340;0;0
2621;340.1;124.9;340;0;0
2622;340.1;124.9;340;1;0
2623;340.1;124.9;340;0;0
2624;340.1;124.9;340;0;1
2625;340.1;124.9;340;0;0
2626;340.1;124.9;340;0;0
2627;340.1;124.9;340;0;0
2628;340.2;124.9;340;0;0
2629;340.2;124.9;340;0;0
2630;340.1;124.9;340;0;0
2631;340.1;124.9;340;0;0
2632;340.1;124.9;340;0;0
2633;340.2;124.9;340;0;0
2634;340.2;124.9;340;0;0
2635;340.3;124.9;340;0;0
2636;340.3;124.9;340;0;0
2637;340.3;124.9;340;0;0
2638;340.3;124.9;340;0;0
2639;340.3;124.9;340;0;0
2640;340.4;124.9;340;0;0
2641;340.4;124.9;340;0;0
2642;340.5;124.9;340;0;0
2643;340.4;124.9;340;0;0
2644;340.5;124.9;340;0;0
2645;340.4;124.9;340;0;0
2646;340.5;124.9;340;1;0
2647;340.4;124.9;340;0;1
2648;340.4;124.9;340;0;0
2649;340.4;124.9;340;0;0
2650;340.4;124.9;340;0;0
2651;340.4;124.9;340;0;0
2652;340.3;124.9;340;0;0
2653;340.5;124.9;340;0;0
2654;340.4;124.9;340;0;0
2655;340.4;124.9;340;0;0
2656;340.5;124.9;340;0;0
2657;340.5;124.9;340;0;0
2658;340.5;124.9;340;0;0
2659;340.4;124.9;340;0;0
2660;340.4;124.9;340;0;0
2661;340.4;124.9;340;0;0
2662;340.5;124.9;340;0;0
2663;340.5;124.9;340;0;0
2664;340.5;124.9;340;0;0
2665;340.6;124.9;340;0;0
2666;340.5;124.9;340;0;0
2667;340.5;124.9;340;0;0
2668;340.5;124.9;340;0;0
2669;340.5;124.9;340;0;0
2670;340.5;124.9;340;0;0
2671;340.5;124.9;340;1;0
2672;340.4;124.9;340;0;1
2673;340.4;124.9;340;0;0
2674;340.5;124.9;340;0;0
2675;340.5;124.9;340;0;0
2676;340.5;124.9;340;0;0
2677;340.4;124.9;340;0;0
2678;340.4;124.9;340;0;0
2679;340.5;124.9;340;0;0
2680;340.5;124.9;340;0;0
2681;340.5;124.9;340;0;0
2682;340.6;124.9;340;0;0
2683;340.5;124.9;340;0;0
2684;340.5;124.9;340;0;0
2685;340.4;124.9;340;0;0
2686;340.5;124.9;340;0;0
2687;340.5;124.9;340;0;0
2688;340.5;124.9;340;1;0
2689;340.4;124.9;340;0;1
2690;340.4;124.9;340;0;0
2691;340.5;124.9;340;0;0
2692;340.5;124.9;340;0;0
2693;340.4;124.9;340;0;0
2694;340.4;124.9;340;0;0
2695;340.3;124.9;340;0;0
2696;340.5;124.9;340;0;0
2697;340.4;124.9;340;0;0
2698;340.5;124.9;340;0;0
2699;340.4;124.9;340;0;0
2700;340.5;124.9;340;0;0
2701;340.4;124.9;340;0;0
2702;340.4;124.9;340;0;0
2703;340.4;124.9;340;0;0
2704;340.5;124.9;340;0;0
2705;340.3;124.9;340;0;0
2706;340.4;124.9;340;0;0
2707;340.4;124.9;340;0;0
2708;340.4;124.9;340;0;0
2709;340.4;124.9;340;0;0
2710;340.3;124.9;340;0;0
2711;340.3;124.9;340;0;0
2712;340.3;124.9;340;0;0
2713;340.3;124.9;340;1;0
2714;340.3;124.9;340;0;1
2715;340.3;124.9;340;0;0
2716;340.2;124.9;340;0;0
2717;340.3;124.9;340;0;0
2718;340.3;124.9;340;0;0
2719;340.2;124.9;340;0;0
2720;340.2;124.9;340;0;0
2721;340.2;124.9;340;0;0
2722;340.2;124.9;340;0;0
2723;340.2;124.9;340;0;0
2724;340.2;124.9;340;0;0
2725;340.2;124.9;340;0;0
2726;340.2;124.9;340;0;0
2727;340.2;124.9;340;0;0
2728;340.2;124.9;340;0;0
2729;340.2;124.9;340;0;0
2730;340.2;124.9;340;1;0
2731;340.2;124.9;340;0;1
2732;340.2;124.9;340;0;0
2733;340.1;124.9;340;0;0
2734;340.2;124.9;340;0;0
2735;340.2;124.9;340;0;0
2736;340.2;124.9;340;0;0
2737;340.2;124.9;340;0;0
2738;340.2;124.9;340;0;0
2739;340.2;124.9;340;0;0
2740;340.1;124.9;340;0;0
2741;340.1;124.9;340;0;0
2742;340.2;124.9;340;0;0
2743;340.1;124.9;340;0;0
2744;340.2;124.9;340;0;0
2745;340.2;124.9;340;0;0
2746;340.2;124.9;340;0;0
2747;340.1;124.9;340;1;0
2748;340.2;124.9;340;0;1
2749;340.1;124.9;340;0;0
2750;340;124.9;340;0;0
2751;340.2;124.9;340;0;0
2752;340.1;124.9;340;0;0
2753;340.1;124.9;340;0;0
2754;340.1;124.9;340;0;0
2755;340.1;124.9;340;1;0
2756;340;124.9;340;0;1
2757;340.1;124.9;340;0;0
2758;340.1;124.9;340;0;0
2759;340.1;124.9;340;0;0
2760;340.2;124.9;340;0;0
2761;340.1;124.9;340;0;0
2762;340.1;124.9;340;0;0
2763;340.1;124.9;340;0;0
2764;340.2;124.9;340;0;0
2765;340.2;124.9;340;0;0
2766;340.2;124.9;340;0;0
2767;340.2;124.9;340;0;0
2768;340.1;124.9;340;0;0
2769;340.2;124.9;340;0;0
2770;340.2;124.9;340;0;0
2771;340.2;124.9;340;0;0
2772;340.2;124.9;340;1;0
2773;340.1;124.9;340;0;0
2774;340.2;124.9;340;0;1
2775;340.1;124.9;340;0;0
2776;340.2;124.9;340;0;0
2777;340.2;124.9;340;0;0
2778;340.2;124.9;340;0;0
2779;340.2;124.9;340;1;0
2780;340.1;124.9;340;0;1
2781;340;124.9;340;0;0
2782;340.1;124.9;340;0;0
2783;340.1;124.9;340;0;0
2784;340.2;124.9;340;0;0
2785;340.1;124.9;340;0;0
2786;340.2;124.9;340;0;0
2787;340.2;124.9;340;0;0
2788;340.2;124.9;340;0;0
2789;340.2;124.9;340;0;0
2790;340.2;124.9;340;0;0
2791;340.2;124.9;340;0;0
2792;340.2;124.9;340;0;0
2793;340.2;124.9;340;0;0
2794;340.1;124.9;340;0;0
2795;340.2;124.9;340;0;0
2796;340.2;124.9;340;1;0
2797;340.1;124.9;340;0;1
2798;340.2;124.9;340;0;0
2799;340.2;124.9;340;0;0
2800;340.2;124.9;340;0;0
2801;340.2;124.9;340;0;0
2802;340.2;124.9;340;0;0
2803;340.2;124.9;340;0;0
2804;340.2;124.9;340;0;0
2805;340.2;124.9;340;0;0
2806;340.3;124.9;340;0;0
2807;340.2;124.9;340;0;0
2808;340.2;124.9;340;0;0
2809;340.3;124.9;340;0;0
2810;340.2;124.9;340;0;0
2811;340.2;124.9;340;0;0
2812;340.2;124.9;340;0;0
2813;340.2;124.9;340;1;0
2814;340.2;124.9;340;0;1
2815;340.2;124.9;340;0;0
2816;340.2;124.9;340;0;0
2817;340.2;124.9;340;0;0
2818;340.2;124.9;340;0;0
2819;340.1;124.9;340;0;0
2820;340.2;124.9;340;0;0
2821;340.1;124.9;340;0;0
2822;340.2;124.9;340;0;0
2823;340.2;124.9;340;0;0
2824;340.1;124.9;340;0;0
2825;340.2;124.9;340;0;0
2826;340.2;124.9;340;0;0
2827;340.2;124.9;340;0;0
2828;340.2;124.9;340;0;0
2829;340.2;124.9;340;0;0
2830;340.2;124.9;340;1;0
2831;340.2;124.9;340;0;1
2832;340.2;124.9;340;0;0
2833;340.2;124.9;340;0;0
2834;340.2;124.9;340;0;0
2835;340;124.9;340;0;0
2836;340;124.9;340;0;0
2837;340.1;124.9;340;0;0
2838;340.1;124.9;340;0;0
2839;340.1;124.9;340;0;0
2840;340.2;124.9;340;0;0
2841;340.1;124.9;340;0;0
2842;340.2;124.9;340;0;0
2843;340;124.9;340;0;0
2844;340;124.9;340;0;0
2845;340.1;124.9;340;0;0
2846;340.1;124.9;340;0;0
2847;340;124.9;340;1;0
2848;340;124.9;340;0;1
2849;340;124.9;340;0;0
2850;340;124.9;340;0;0
2851;340;124.9;340;0;0
2852;340;124.9;340;0;0
2853;340;124.9;340;0;0
2854;340;124.9;340;0;0
2855;340;124.9;340;1;0
2856;340;124.9;340;0;1
2857;340;124.9;340;0;0
2858;340;124.9;340;0;0
2859;340.1;124.9;340;0;0
2860;340;124.9;340;0;0
2861;340;124.9;340;0;0
2862;340.1;124.9;340;0;0
2863;340.1;124.9;340;0;0
2864;340.1;124.9;340;0;0
2865;340.1;124.9;340;0;0
2866;340.1;124.9;340;0;0
2867;340;124.9;340;0;0
2868;340;124.9;340;0;0
2869;340.1;124.9;340;0;0
2870;340.1;124.9;340;0;0
2871;340.2;124.9;340;0;0
2872;340;124.9;340;1;0
2873;340;124.9;340;0;0
2874;340;124.9;340;0;1
2875;340;124.9;340;0;0
2876;340.1;124.9;340;0;0
2877;340;124.9;340;0;0
2878;340;124.9;340;0;0
2879;340;124.9;340;1;0
2880;339.9;124.9;340;0;1
2881;340;124.9;340;0;0
2882;340.1;124.9;340;0;0
2883;340.1;124.9;340;0;0
2884;340.1;124.9;340;0;0
2885;340.1;124.9;340;0;0
2886;340.1;124.9;340;0;0
2887;340.1;124.9;340;0;0
2888;340.2;124.9;340;0;0
2889;340.2;124.9;340;0;0
2890;340.2;124.9;340;0;0
2891;340.2;124.9;340;0;0
2892;340.2;124.9;340;0;0
2893;340.2;124.9;340;0;0
2894;340.2;124.9;340;0;0
2895;340.1;124.9;340;0;0
2896;340.1;124.9;340;1;0
2897;340.1;124.9;340;0;1
2898;340.3;124.9;340;0;0
2899;340.1;124.9;340;0;0
2900;340.2;124.9;340;0;0
2901;340.2;124.9;340;0;0
2902;340.2;124.9;340;0;0
2903;340.2;124.9;340;0;0
2904;340;124.9;340;0;0
2905;340;124.9;340;0;0
2906;340;124.9;340;0;0
2907;340;124.9;340;0;0
2908;340.1;124.9;340;0;0
2909;340;124.9;340;0;0
2910;340.1;124.9;340;0;0
2911;340.1;124.9;340;0;0
2912;340.1;124.9;340;0;0
2913;340.1;124.9;340;0;0
2914;340.1;124.9;340;0;0
2915;340.1;124.9;340;0;0
2916;340.1;124.9;340;0;0
2917;340.1;124.9;340;0;0
2918;340.1;124.9;340;0;0
2919;340;124.9;340;0;0
2920;340;124.9;340;0;0
2921;340;124.9;340;1;0
2922;340;124.9;340;0;1
2923;339.9;124.9;340;0;0
2924;339.9;124.9;340;0;0
2925;339.9;124.9;340;0;0
2926;339.9;124.9;340;0;0
2927;340;124.9;340;0;0
2928;340;124.9;340;0;0
2929;340;124.9;340;0;0
2930;340;124.9;340;0;0
2931;340;124.9;340;0;0
2932;339.9;124.9;340;0;0
2933;340;124.9;340;0;0
2934;340;124.9;340;0;0
2935;339.8;124.9;340;0;0
2936;339.9;124.9;340;0;0
2937;340;124.9;340;0;0
2938;340;124.9;340;1;0
2939;339.9;124.9;340;0;1
2940;340;124.9;340;0;0
2941;339.9;124.9;340;0;0
2942;340;124.9;340;0;0
2943;339.9;124.9;340;0;0
2944;340;124.9;340;0;0
2945;339.9;124.9;340;0;0
2946;339.9;124.9;340;0;0
2947;340;124.9;340;0;0
2948;339.9;124.9;340;0;0
2949;340;124.9;340;0;0
2950;339.9;124.9;340;0;0
2951;339.9;124.9;340;0;0
2952;339.8;124.9;340;0;0
2953;339.8;124.9;340;0;0
2954;339.8;124.9;340;0;0
2955;339.8;124.9;340;1;0
2956;339.8;124.9;340;0;1
2957;339.8;124.9;340;0;0
2958;339.8;124.9;340;0;0
2959;339.8;124.9;340;0;0
2960;339.8;124.9;340;0;0
2961;339.7;124.9;340;0;0
2962;339.7;124.9;340;0;0
2963;339.7;124.9;340;0;0
2964;339.8;124.9;340;0;0
2965;339.8;124.9;340;0;0
2966;339.8;124.9;340;0;0
2967;339.8;124.9;340;0;0
2968;339.8;124.9;340;0;0
2969;339.8;124.9;340;0;0
2970;339.8;124.9;340;0;0
2971;339.8;124.9;340;0;0
2972;339.8;124.9;340;0;0
2973;339.8;124.9;340;0;0
2974;339.8;124.9;340;0;0
2975;339.7;124.9;340;0;0
2976;339.7;124.9;340;0;0
2977;339.7;124.9;340;0;0
2978;339.7;124.9;340;0;0
2979;339.6;124.9;340;0;0
2980;339.6;124.9;340;1;0
2981;339.6;124.9;340;0;1
2982;339.6;124.9;340;0;0
2983;339.6;124.9;340;0;0
2984;339.7;124.9;340;0;0
2985;339.7;124.9;340;0;0
2986;339.6;124.9;340;0;0
2987;339.6;124.9;340;0;0
2988;339.6;124.9;340;0;0
2989;339.7;124.9;340;0;0
2990;339.6;124.9;340;0;0
2991;339.5;124.9;340;0;0
2992;339.6;124.9;340;0;0
2993;339.6;124.9;340;0;0
2994;339.5;124.9;340;0;0
2995;339.5;124.9;340;0;0
2996;339.4;124.9;340;0;0
2997;339.4;124.9;340;1;0
2998;339.5;124.9;340;0;1
2999;339.5;124.9;340;0;0
3000;339.4;124.9;340;0;0
3001;339.4;124.9;340;0;0
3002;339.5;124.9;340;0;0
3003;339.5;124.9;340;0;0
3004;339.5;124.9;340;0;0
3005;339.5;124.9;340;1;0
3006;339.4;124.9;340;0;0
3007;339.5;124.9;340;0;1
3008;339.5;124.9;340;0;0
3009;339.5;124.9;340;0;0
3010;339.4;124.9;340;0;0
